id,ime,leto,odigrane minute,meti 3 točke,poskusi 3 točke,meti 2 točki,poskusi 2 točki,prosti meti,poskusi prostih metov,skoki v napadu,skoki v obrambi,asistence,ukradene žoge,blokade,izgubljene žoge,osebni prekrški
SAS,San Antonio Spurs,1980,19755,52,206,3804,7532,2024,2528,1153,2515,2326,771,333,1589,2103
LAL,Los Angeles Lakers,1980,19880,20,100,3878,7268,1622,2092,1085,2653,2413,774,546,1639,1784
CLE,Cleveland Cavaliers,1980,19930,36,187,3775,7854,1702,2205,1307,2381,2108,764,342,1370,1934
NYK,New York Knicks,1980,19780,42,191,3760,7481,1698,2274,1236,2303,2265,881,457,1613,2168
BOS,Boston Celtics,1980,19880,162,422,3455,6965,1907,2449,1227,2457,2198,809,308,1539,1974
IND,Indiana Pacers,1980,19855,88,314,3551,7375,1753,2333,1398,2326,2148,900,530,1517,1973
PHO,Phoenix Suns,1980,19755,68,280,3502,6955,1906,2466,1071,2458,2283,908,344,1629,1853
HOU,Houston Rockets,1980,19930,104,379,3495,7117,1782,2326,1394,2217,2149,782,373,1565,1927
MIL,Milwaukee Bucks,1980,19805,50,155,3635,7398,1605,2102,1245,2396,2277,778,510,1496,1937
PHI,Philadelphia 76ers,1980,19855,27,125,3496,7031,1876,2431,1187,2635,2226,792,652,1708,1860
DET,Detroit Pistons,1980,19780,57,219,3586,7377,1590,2149,1226,2415,1950,783,562,1742,2069
SEA,Seattle SuperSonics,1980,19830,59,189,3495,7376,1730,2253,1380,2550,2043,750,428,1496,1865
NJN,New Jersey Nets,1980,19805,85,298,3371,7206,1882,2406,1229,2535,2094,869,581,1702,2181
DEN,Denver Nuggets,1980,19830,83,255,3379,7215,1871,2539,1311,2524,2079,746,404,1533,1917
KCK,Kansas City Kings,1980,19805,25,114,3557,7375,1671,2250,1187,2429,2123,863,356,1439,2135
SDC,San Diego Clippers,1980,19755,177,543,3347,6951,1595,2167,1294,2308,1688,664,288,1443,1896
CHI,Chicago Bulls,1980,19905,70,275,3292,6668,2019,2592,1115,2465,2152,704,392,1684,2146
WSB,Washington Bullets,1980,19880,73,238,3501,7558,1552,2048,1334,2723,2201,530,443,1380,1893
ATL,Atlanta Hawks,1980,19780,13,75,3248,6952,2038,2645,1369,2406,1913,782,539,1495,2293
GSW,Golden State Warriors,1980,19880,27,121,3500,7197,1412,1914,1155,2437,2028,779,339,1492,2082
POR,Portland Trail Blazers,1980,19780,26,132,3382,7035,1560,2100,1295,2408,1898,708,472,1552,1956
UTA,Utah Jazz,1980,19805,59,185,3323,6632,1571,1943,967,2359,2005,656,362,1543,2006
DEN,Denver Nuggets,1981,19955,30,145,3754,7815,2388,3051,1325,2497,2030,720,380,1444,2108
MIL,Milwaukee Bucks,1981,19755,30,131,3692,7341,1802,2340,1261,2408,2319,862,530,1581,2198
SAS,San Antonio Spurs,1981,19805,15,85,3556,7191,2052,2668,1304,2582,2048,685,643,1533,2114
PHI,Philadelphia 76ers,1981,19855,19,84,3617,6989,1865,2427,1091,2618,2369,857,591,1702,2061
LAL,Los Angeles Lakers,1981,19805,17,94,3763,7288,1540,2113,1165,2491,2363,808,551,1557,1955
POR,Portland Trail Blazers,1981,19855,25,148,3716,7387,1573,2191,1243,2388,2244,769,480,1518,2034
PHO,Phoenix Suns,1981,19755,35,161,3552,7165,1810,2430,1234,2490,2205,876,416,1733,1996
BOS,Boston Celtics,1981,19780,65,241,3516,6858,1781,2369,1155,2424,2202,683,594,1577,1990
GSW,Golden State Warriors,1981,19730,60,210,3500,7074,1826,2513,1403,2366,2026,611,301,1547,2158
CHI,Chicago Bulls,1981,19780,38,179,3419,6724,1985,2563,1227,2475,1925,729,514,1672,2058
HOU,Houston Rockets,1981,19805,21,118,3552,7217,1711,2223,1216,2347,2099,705,390,1451,1901
NYK,New York Knicks,1981,19830,56,236,3449,7019,1783,2386,1137,2205,1976,861,314,1461,1917
IND,Indiana Pacers,1981,19730,30,169,3461,7076,1815,2540,1325,2267,2091,833,484,1491,2006
KCK,Kansas City Kings,1981,19830,49,168,3523,6983,1576,2206,1037,2450,2271,719,385,1448,2092
NJN,New Jersey Nets,1981,19805,34,138,3443,7176,1780,2371,1092,2374,2068,750,458,1664,2204
SDC,San Diego Clippers,1981,19730,132,407,3345,6876,1651,2246,1169,2144,2098,764,292,1407,2078
CLE,Cleveland Cavaliers,1981,19780,72,249,3484,7360,1486,1909,1258,2243,2007,632,322,1396,1995
WSB,Washington Bullets,1981,19780,65,241,3484,7276,1499,2072,1155,2533,2151,641,392,1422,1895
ATL,Atlanta Hawks,1981,19930,10,82,3281,6784,2012,2590,1201,2224,1846,749,469,1605,2276
SEA,Seattle SuperSonics,1981,19780,32,117,3311,7028,1813,2376,1167,2434,1945,628,438,1524,1986
DAL,Dallas Mavericks,1981,19780,46,165,3158,6763,1868,2487,1109,2177,1984,561,214,1439,2008
UTA,Utah Jazz,1981,19730,42,163,3290,6662,1595,2080,962,2325,1948,637,386,1423,2110
DET,Detroit Pistons,1981,19755,13,84,3223,6902,1689,2330,1201,2111,1819,884,492,1759,2125
DEN,Denver Nuggets,1982,19830,40,149,3940,7507,2371,2978,1149,2443,2272,664,368,1470,2131
LAL,Los Angeles Lakers,1982,19855,13,94,3906,7491,1549,2161,1258,2505,2356,848,517,1468,1999
SAS,San Antonio Spurs,1982,19755,64,252,3634,7361,1812,2335,1253,2537,2257,600,555,1293,2217
BOS,Boston Celtics,1982,19780,49,184,3608,7150,1817,2457,1253,2489,2126,652,568,1452,2014
PHI,Philadelphia 76ers,1982,19855,41,139,3575,6835,1846,2471,1031,2389,2264,856,622,1474,2183
DET,Detroit Pistons,1982,19830,52,213,3509,7178,1938,2581,1298,2345,2027,741,564,1629,2160
UTA,Utah Jazz,1982,19780,22,97,3657,7349,1714,2282,1147,2362,1895,700,357,1435,2196
GSW,Golden State Warriors,1982,19780,91,325,3555,7024,1709,2382,1282,2452,1820,685,390,1424,2225
POR,Portland Trail Blazers,1982,19780,29,140,3600,7047,1719,2387,1142,2355,2054,706,367,1390,2012
SDC,San Diego Clippers,1982,19755,99,338,3453,6763,1693,2341,1131,2196,1878,636,299,1570,2353
MIL,Milwaukee Bucks,1982,19805,49,164,3495,6851,1753,2329,1167,2415,2233,763,455,1589,2281
SEA,Seattle SuperSonics,1982,19830,38,153,3467,7025,1747,2362,1103,2544,2103,691,460,1351,2057
KCK,Kansas City Kings,1982,19880,26,130,3578,7154,1551,2158,1086,2276,2056,743,402,1507,2359
NJN,New Jersey Nets,1982,19780,30,146,3471,7081,1714,2354,1194,2320,2096,918,481,1650,2295
CHI,Chicago Bulls,1982,19880,54,213,3315,6515,1951,2545,1125,2525,2043,580,483,1636,2008
NYK,New York Knicks,1982,19830,58,214,3465,6964,1603,2171,1168,2273,2075,719,337,1486,2195
PHO,Phoenix Suns,1982,19830,54,174,3454,6966,1635,2157,1123,2517,2223,753,429,1528,2029
HOU,Houston Rockets,1982,19780,50,176,3454,7190,1622,2225,1403,2284,1977,648,430,1321,1871
DAL,Dallas Mavericks,1982,19730,55,190,3335,7034,1740,2366,1213,2228,2117,566,313,1317,2193
WSB,Washington Bullets,1982,19830,59,236,3341,6932,1626,2105,1047,2583,1983,643,397,1390,2072
CLE,Cleveland Cavaliers,1982,19805,25,137,3380,7197,1628,2179,1190,2170,1871,634,357,1319,2193
IND,Indiana Pacers,1982,19830,103,316,3229,6848,1612,2176,1141,2372,1897,753,494,1393,2041
ATL,Atlanta Hawks,1982,19880,28,128,3182,6648,1833,2387,1135,2368,1815,608,485,1343,2268
DEN,Denver Nuggets,1983,19730,24,126,3927,7873,2179,2696,1214,2524,2336,789,352,1496,2091
LAL,Los Angeles Lakers,1983,19730,10,96,3954,7416,1495,2031,1235,2433,2519,844,479,1584,1931
SAS,San Antonio Spurs,1983,19780,94,308,3603,7032,1887,2468,1232,2599,2261,675,469,1504,2095
KCK,Kansas City Kings,1983,19780,51,215,3668,7270,1839,2530,1256,2407,2155,765,409,1691,2432
DAL,Dallas Mavericks,1983,19730,43,185,3631,7365,1852,2462,1296,2381,2227,552,348,1348,2067
DET,Detroit Pistons,1983,19880,72,272,3551,7330,1921,2588,1312,2477,2108,679,572,1557,2122
BOS,Boston Celtics,1983,19830,39,186,3672,7361,1730,2348,1273,2532,2216,789,521,1541,2062
PHI,Philadelphia 76ers,1983,19830,25,109,3575,7103,1966,2650,1334,2596,2016,812,577,1627,2041
CHI,Chicago Bulls,1983,19905,45,209,3492,7164,1983,2690,1267,2527,2086,666,400,1743,2192
SEA,Seattle SuperSonics,1983,19805,29,138,3568,7139,1796,2459,1152,2569,2278,677,437,1533,1969
UTA,Utah Jazz,1983,19755,44,183,3481,7159,1844,2440,1093,2550,2176,758,595,1683,2017
IND,Indiana Pacers,1983,19830,50,236,3657,7487,1447,1910,1299,2294,2150,755,411,1535,2086
GSW,Golden State Warriors,1983,19780,34,150,3593,7358,1620,2199,1281,2284,1964,856,430,1606,2138
SDC,San Diego Clippers,1983,19830,64,262,3561,7372,1589,2195,1394,2108,2087,820,408,1600,2284
POR,Portland Trail Blazers,1983,19755,35,150,3424,6974,1855,2512,1180,2380,2030,749,384,1495,1960
PHO,Phoenix Suns,1983,19730,40,158,3515,7000,1626,2189,1094,2518,2300,749,495,1545,2062
MIL,Milwaukee Bucks,1983,19830,37,169,3449,6964,1731,2299,1095,2477,2116,662,532,1447,2131
NJN,New Jersey Nets,1983,19705,30,149,3480,6991,1622,2301,1266,2427,2143,911,592,1873,2166
ATL,Atlanta Hawks,1983,19780,45,188,3307,6958,1586,2111,1139,2433,1945,573,665,1424,2022
NYK,New York Knicks,1983,19805,33,131,3239,6662,1621,2282,1080,2263,2034,701,378,1509,2180
HOU,Houston Rockets,1983,19730,67,271,3271,7175,1402,1934,1206,2260,1931,646,422,1571,2131
WSB,Washington Bullets,1983,19805,70,237,3236,6822,1452,2059,1099,2430,2046,733,400,1588,1958
CLE,Cleveland Cavaliers,1983,19755,30,120,3222,6875,1430,1983,1173,2414,1738,617,290,1538,2236
DEN,Denver Nuggets,1984,19805,77,255,3858,7728,2200,2690,1133,2444,2482,711,352,1344,2279
SAS,San Antonio Spurs,1984,19980,79,263,3830,7458,1965,2604,1230,2528,2361,685,491,1447,2146
DET,Detroit Pistons,1984,19905,32,141,3766,7769,1974,2547,1427,2434,2256,697,417,1310,2177
LAL,Los Angeles Lakers,1984,19780,58,226,3796,7024,1712,2272,1095,2499,2455,726,478,1578,2054
UTA,Utah Jazz,1984,19780,101,317,3505,6925,2115,2708,1096,2522,2230,695,604,1510,1978
POR,Portland Trail Blazers,1984,19805,25,129,3607,7060,1988,2637,1251,2194,2082,814,397,1483,2134
BOS,Boston Celtics,1984,19955,55,229,3561,7006,1907,2407,1159,2538,2122,673,430,1420,1949
PHO,Phoenix Suns,1984,19780,74,291,3603,6929,1673,2204,1066,2298,2214,693,388,1451,2147
SDC,San Diego Clippers,1984,19730,24,128,3610,7197,1785,2424,1307,2382,1981,567,385,1515,2020
HOU,Houston Rockets,1984,19755,30,154,3699,7379,1583,2139,1200,2483,2204,621,515,1562,2317
DAL,Dallas Mavericks,1984,19955,42,184,3576,7051,1774,2350,1090,2265,2164,579,360,1303,1906
KCK,Kansas City Kings,1984,19755,52,189,3464,7041,1939,2495,1144,2273,2229,715,383,1504,2200
NJN,New Jersey Nets,1984,19805,49,232,3565,7026,1742,2488,1221,2313,2148,814,499,1608,2243
GSW,Golden State Warriors,1984,19830,55,226,3464,7308,1915,2577,1390,2171,1837,830,348,1518,2108
SEA,Seattle SuperSonics,1984,19780,27,140,3433,6943,1918,2460,1064,2332,2233,636,350,1360,1884
PHI,Philadelphia 76ers,1984,19955,29,107,3355,6726,2041,2706,1181,2382,2032,807,653,1628,2040
NYK,New York Knicks,1984,19855,47,165,3339,6672,1944,2510,1088,2230,2041,803,360,1587,2281
MIL,Milwaukee Bucks,1984,19905,59,232,3373,6738,1743,2354,1135,2385,2113,642,489,1415,2167
IND,Indiana Pacers,1984,19780,48,207,3399,6923,1624,2119,1002,2398,2169,834,398,1525,2061
CHI,Chicago Bulls,1984,19980,20,117,3285,6855,1871,2508,1141,2300,2095,687,454,1578,2196
WSB,Washington Bullets,1984,19905,71,282,3273,6625,1664,2201,1027,2387,2192,556,320,1448,1989
CLE,Cleveland Cavaliers,1984,19855,43,164,3319,7068,1619,2178,1213,2388,1930,630,375,1332,2206
ATL,Atlanta Hawks,1984,19855,23,106,3207,6703,1838,2414,1112,2232,1827,626,558,1329,2091
DEN,Denver Nuggets,1985,19830,73,235,3803,7741,2016,2568,1331,2303,2266,894,424,1382,2152
LAL,Los Angeles Lakers,1985,19755,90,295,3862,6959,1702,2232,1063,2550,2575,695,481,1537,1931
DET,Detroit Pistons,1985,19830,45,199,3795,7800,1783,2262,1403,2534,2302,691,397,1341,2076
POR,Portland Trail Blazers,1985,19880,51,202,3657,7172,2002,2667,1202,2298,2225,821,516,1481,1957
KCK,Kansas City Kings,1985,19755,63,238,3601,7037,2022,2595,1167,2327,2342,661,300,1593,2169
BOS,Boston Celtics,1985,19705,110,309,3611,7016,1860,2307,1116,2630,2287,645,414,1332,1781
SAS,San Antonio Spurs,1985,19780,55,202,3643,7000,1961,2571,1127,2470,2316,757,443,1542,2180
PHI,Philadelphia 76ers,1985,19805,59,224,3384,6768,2316,2883,1301,2364,1999,817,534,1575,1971
HOU,Houston Rockets,1985,19830,41,186,3707,7254,1581,2261,1325,2395,2239,683,597,1605,2033
DAL,Dallas Mavericks,1985,19855,152,443,3408,6837,1844,2324,1095,2345,2152,575,335,1184,1796
MIL,Milwaukee Bucks,1985,19805,89,294,3475,6963,1873,2473,1256,2353,2164,689,486,1382,2239
GSW,Golden State Warriors,1985,19855,112,397,3386,7158,1944,2531,1327,2139,1759,803,284,1460,2136
NJN,New Jersey Nets,1985,19755,52,224,3594,7221,1631,2237,1233,2325,2163,772,415,1355,2011
UTA,Utah Jazz,1985,19755,103,307,3375,6995,1878,2434,1081,2554,2143,712,697,1575,1961
CHI,Chicago Bulls,1985,19805,29,161,3424,6748,1981,2526,1074,2366,1992,622,468,1463,2071
CLE,Cleveland Cavaliers,1985,19780,96,335,3374,7029,1867,2491,1203,2445,2096,622,472,1387,2173
IND,Indiana Pacers,1985,19780,30,155,3459,7169,1871,2516,1198,2623,1945,625,366,1622,2237
PHO,Phoenix Suns,1985,19805,87,307,3420,6837,1757,2280,1026,2425,2335,727,349,1583,2034
LAC,Los Angeles Clippers,1985,19730,56,188,3471,6931,1674,2208,1159,2438,1934,534,497,1587,1840
ATL,Atlanta Hawks,1985,19855,73,235,3371,6884,1782,2371,1161,2345,2009,665,541,1475,2047
WSB,Washington Bullets,1985,19855,109,398,3425,6985,1478,1989,1012,2395,2088,709,393,1282,1869
NYK,New York Knicks,1985,19830,51,198,3384,6903,1706,2350,1116,2102,1999,754,267,1458,2398
SEA,Seattle SuperSonics,1985,19705,45,185,3232,6725,1777,2305,1019,2287,2185,649,343,1493,1974
LAL,Los Angeles Lakers,1986,19830,138,409,3696,6934,1812,2329,1101,2555,2433,693,419,1467,2031
DAL,Dallas Mavericks,1986,19805,141,446,3490,6808,2050,2643,1059,2454,2108,605,369,1289,1733
POR,Portland Trail Blazers,1986,19855,74,275,3536,7006,2142,2799,1153,2316,2180,859,356,1529,2205
DEN,Denver Nuggets,1986,19755,71,305,3634,7563,1929,2416,1223,2317,2140,826,421,1336,2164
MIL,Milwaukee Bucks,1986,19805,125,382,3476,6928,2063,2701,1189,2420,2158,805,460,1369,2210
HOU,Houston Rockets,1986,19755,85,310,3674,7361,1776,2434,1316,2434,2318,745,551,1374,1991
DET,Detroit Pistons,1986,19780,55,182,3699,7568,1800,2300,1276,2461,2319,738,340,1343,2101
BOS,Boston Celtics,1986,19855,138,393,3580,6919,1785,2248,1054,2753,2387,641,511,1360,1756
GSW,Golden State Warriors,1986,19780,87,278,3563,7289,1912,2517,1271,2344,2018,751,355,1400,2032
SAS,San Antonio Spurs,1986,19805,46,196,3550,6908,1882,2523,1069,2413,2260,800,390,1624,2115
PHI,Philadelphia 76ers,1986,19905,51,224,3384,6834,2130,2810,1326,2378,2017,862,490,1595,1798
PHO,Phoenix Suns,1986,19805,38,183,3480,6810,1949,2683,1034,2449,2272,773,379,1763,2260
CHI,Chicago Bulls,1986,19855,88,317,3388,6910,1922,2499,1280,2278,2006,609,400,1436,2166
NJN,New Jersey Nets,1986,19805,43,214,3505,7087,1810,2396,1183,2483,2128,749,345,1575,2129
SAC,Sacramento Kings,1986,19780,30,134,3508,7086,1818,2338,1135,2377,2304,602,388,1533,2134
LAC,Los Angeles Clippers,1986,19755,64,229,3324,6936,2067,2683,1159,2258,1968,694,501,1504,1931
ATL,Atlanta Hawks,1986,19805,33,166,3414,6863,1979,2704,1249,2405,2025,736,434,1483,2170
UTA,Utah Jazz,1986,19780,35,169,3418,6914,1930,2694,1068,2479,2199,717,666,1518,2038
CLE,Cleveland Cavaliers,1986,19780,132,391,3346,6848,1748,2325,1086,2455,2064,627,436,1411,2267
SEA,Seattle SuperSonics,1986,19930,79,300,3256,6759,1815,2331,1145,2256,1977,745,296,1435,2168
IND,Indiana Pacers,1986,19755,23,143,3418,7007,1614,2183,1138,2613,2159,659,381,1515,2135
WSB,Washington Bullets,1986,19855,116,408,3195,6740,1704,2286,1066,2432,1748,626,716,1346,1796
NYK,New York Knicks,1986,19805,82,239,3157,6795,1534,2237,1081,2170,1877,714,308,1438,2213
POR,Portland Trail Blazers,1987,19805,98,339,3552,6910,2269,2928,1180,2413,2359,767,387,1546,2082
LAL,Los Angeles Lakers,1987,19730,164,447,3576,6798,2012,2550,1127,2515,2428,728,482,1358,1853
DEN,Denver Nuggets,1987,19780,106,391,3638,7560,1975,2568,1294,2368,2317,754,421,1216,2184
DAL,Dallas Mavericks,1987,19880,231,653,3363,6720,2148,2717,1219,2494,2017,688,424,1205,1873
SEA,Seattle SuperSonics,1987,19855,191,571,3402,6880,1948,2571,1373,2395,2184,705,450,1509,2224
BOS,Boston Celtics,1987,19805,207,565,3438,6486,1740,2153,933,2585,2421,561,526,1300,1710
GSW,Golden State Warriors,1987,19905,116,364,3435,7048,1970,2526,1193,2351,2083,715,321,1354,2138
DET,Detroit Pistons,1987,19830,39,169,3505,7068,1991,2602,1245,2649,2021,643,436,1417,2078
PHO,Phoenix Suns,1987,19855,61,252,3514,6938,1900,2499,1113,2366,2354,703,397,1497,2047
SAC,Sacramento Kings,1987,19780,77,307,3445,7106,1974,2479,1282,2441,2185,513,397,1403,2007
MIL,Milwaukee Bucks,1987,19780,185,572,3272,6710,1953,2549,1119,2322,2044,845,393,1260,2180
ATL,Atlanta Hawks,1987,19730,135,425,3300,6716,2019,2661,1350,2478,2077,700,511,1279,2152
NJN,New Jersey Nets,1987,19855,145,449,3229,6634,2000,2607,1169,2409,1991,643,397,1617,2353
SAS,San Antonio Spurs,1987,19805,117,403,3415,7053,1701,2292,1285,2347,2220,786,325,1406,1930
UTA,Utah Jazz,1987,19755,139,448,3346,7066,1735,2389,1194,2456,2240,835,628,1403,2040
HOU,Houston Rockets,1987,19780,89,324,3376,6938,1746,2355,1190,2481,2227,654,555,1384,1973
PHI,Philadelphia 76ers,1987,19880,88,340,3247,6452,1971,2617,1178,2327,1943,768,540,1519,1774
IND,Indiana Pacers,1987,19930,94,316,3360,7008,1696,2170,1132,2464,2170,697,311,1276,2097
WSB,Washington Bullets,1987,19705,43,218,3313,7179,1935,2531,1305,2315,1750,755,685,1301,1775
CHI,Chicago Bulls,1987,19830,78,299,3304,6856,1754,2254,1248,2400,2143,677,438,1257,1922
LAC,Los Angeles Clippers,1987,19780,78,348,3233,6984,1866,2515,1231,2137,1971,751,432,1493,2004
CLE,Cleveland Cavaliers,1987,19755,81,338,3268,6784,1779,2554,1257,2420,1912,672,559,1619,1853
NYK,New York Knicks,1987,19780,125,375,3204,6648,1725,2362,1108,2162,1941,704,396,1420,2028
DEN,Denver Nuggets,1988,19780,192,562,3578,7399,1841,2289,1163,2442,2300,832,401,1186,1982
POR,Portland Trail Blazers,1988,19730,117,380,3544,7080,2079,2701,1251,2491,2307,726,347,1351,2091
BOS,Boston Celtics,1988,19780,271,705,3328,6200,1846,2300,930,2440,2448,620,415,1304,1804
SAS,San Antonio Spurs,1988,19805,133,412,3573,7147,1769,2412,1184,2335,2344,739,468,1418,1991
LAL,Los Angeles Lakers,1988,19805,142,478,3434,6600,1956,2480,1073,2491,2347,672,404,1318,1715
SEA,Seattle SuperSonics,1988,19855,221,638,3323,6805,1826,2442,1313,2314,2146,775,447,1376,2380
DAL,Dallas Mavericks,1988,19755,154,526,3259,6665,1980,2510,1341,2495,1984,645,446,1257,1734
DET,Detroit Pistons,1988,19780,58,202,3403,6816,1977,2612,1181,2482,2011,588,394,1348,1957
HOU,Houston Rockets,1988,19680,69,291,3396,7063,1936,2483,1239,2530,1936,712,502,1367,1865
PHO,Phoenix Suns,1988,19730,118,357,3433,6945,1681,2200,1113,2379,2332,675,353,1413,2045
UTA,Utah Jazz,1988,19705,129,404,3355,6688,1802,2404,1066,2553,2407,771,627,1481,1986
SAC,Sacramento Kings,1988,19780,144,450,3314,6887,1795,2324,1232,2461,2116,582,493,1457,1895
ATL,Atlanta Hawks,1988,19780,85,282,3358,6820,1873,2441,1228,2379,2062,635,537,1225,2050
GSW,Golden State Warriors,1988,19780,91,312,3372,7092,1754,2204,1140,2252,2005,741,283,1395,2155
MIL,Milwaukee Bucks,1988,19780,133,410,3233,6669,1832,2364,1117,2335,2194,671,380,1275,1989
PHI,Philadelphia 76ers,1988,19905,152,471,3062,6314,2087,2731,1219,2307,1897,672,465,1433,1866
NYK,New York Knicks,1988,19805,179,567,3184,6665,1750,2306,1286,2194,2012,789,445,1518,2361
WSB,Washington Bullets,1988,19880,29,138,3326,7026,1914,2476,1229,2297,1875,698,502,1384,1922
CHI,Chicago Bulls,1988,19855,56,243,3378,6772,1685,2221,1170,2459,2149,712,475,1263,1849
IND,Indiana Pacers,1988,19705,163,485,3273,6669,1546,1982,1078,2457,1977,619,345,1318,2038
CLE,Cleveland Cavaliers,1988,19780,127,336,3186,6419,1813,2438,1015,2289,2070,733,526,1439,1836
NJN,New Jersey Nets,1988,19780,137,455,3071,6402,1682,2308,1075,2262,1795,727,385,1503,2042
LAC,Los Angeles Clippers,1988,19805,79,317,3111,6877,1644,2305,1191,2350,1885,721,520,1534,1908
PHO,Phoenix Suns,1989,19755,168,481,3586,7064,2051,2594,1095,2619,2280,693,416,1279,1933
DEN,Denver Nuggets,1989,19880,228,676,3585,7464,1821,2314,1206,2513,2282,811,436,1225,2088
NYK,New York Knicks,1989,19805,386,1147,3315,6464,1779,2366,1322,2265,2083,900,446,1572,2053
GSW,Golden State Warriors,1989,19905,194,629,3536,7348,1904,2384,1323,2561,2009,831,643,1488,1946
LAL,Los Angeles Lakers,1989,19805,227,667,3357,6476,2011,2508,1094,2612,2282,724,421,1344,1672
POR,Portland Trail Blazers,1989,19830,216,645,3479,7150,1789,2416,1384,2381,2212,828,388,1435,2026
SEA,Seattle SuperSonics,1989,19780,293,774,3271,6704,1775,2379,1397,2238,2083,864,494,1403,2027
PHI,Philadelphia 76ers,1989,19780,204,646,3296,6555,1970,2504,1143,2356,2110,689,354,1214,1721
ATL,Atlanta Hawks,1989,19805,110,397,3302,6833,2168,2709,1372,2316,1990,817,474,1310,1880
BOS,Boston Celtics,1989,19780,78,309,3442,6834,1840,2349,1179,2442,2189,639,418,1336,1876
MIL,Milwaukee Bucks,1989,19755,179,567,3220,6600,1955,2382,1133,2272,2071,821,323,1305,1953
CLE,Cleveland Cavaliers,1989,19755,170,474,3296,6430,1821,2438,1033,2475,2260,791,586,1323,1592
HOU,Houston Rockets,1989,19855,164,523,3248,6673,1909,2527,1211,2554,2016,789,501,1569,2026
WSB,Washington Bullets,1989,19855,52,243,3467,7348,1789,2318,1254,2354,2048,694,325,1291,2054
IND,Indiana Pacers,1989,19855,202,615,3183,6330,1795,2275,1065,2497,2012,563,418,1547,2105
DET,Detroit Pistons,1989,19830,120,400,3275,6479,1830,2379,1154,2546,2027,522,406,1336,1939
CHI,Chicago Bulls,1989,19780,174,530,3274,6438,1656,2106,1018,2453,2213,722,376,1327,1855
LAC,Los Angeles Clippers,1989,19855,54,234,3472,7194,1606,2220,1156,2384,2208,815,530,1666,1937
SAS,San Antonio Spurs,1989,19755,63,293,3406,7116,1651,2367,1295,2181,2037,961,423,1712,2153
SAC,Sacramento Kings,1989,19780,307,824,3055,6527,1620,2104,1141,2454,1970,624,409,1370,1877
UTA,Utah Jazz,1989,19730,114,380,3068,6215,2110,2742,1050,2607,2108,720,583,1532,1894
CHH,Charlotte Hornets,1989,19780,134,430,3292,7000,1580,2060,1138,2200,2323,705,264,1318,2068
NJN,New Jersey Nets,1989,19805,187,568,3146,6658,1653,2260,1204,2419,1793,773,431,1449,1966
DAL,Dallas Mavericks,1989,19780,211,681,3033,6236,1785,2263,1048,2397,1867,579,476,1233,1739
MIA,Miami Heat,1989,19855,97,298,3124,6818,1477,2103,1309,2211,1958,744,408,1728,2124
GSW,Golden State Warriors,1990,19705,243,750,3246,6458,2313,2858,915,2385,1978,756,488,1415,2010
PHO,Phoenix Suns,1990,19855,176,543,3368,6596,2159,2716,1053,2651,2109,668,501,1275,1825
DEN,Denver Nuggets,1990,19805,228,677,3488,7338,1737,2201,1169,2532,2275,814,329,1136,2047
POR,Portland Trail Blazers,1990,19880,190,565,3382,6982,2031,2734,1355,2552,2085,749,364,1356,2048
ORL,Orlando Magic,1990,19805,116,393,3341,7132,2060,2725,1304,2465,1993,617,294,1407,1975
LAL,Los Angeles Lakers,1990,19855,309,841,3125,6169,1902,2417,1097,2460,2232,655,445,1226,1737
PHI,Philadelphia 76ers,1990,19805,189,543,3248,6485,1976,2509,1111,2406,1932,687,365,1209,1697
BOS,Boston Celtics,1990,19705,106,404,3457,6744,1791,2153,1066,2707,2423,539,455,1256,1717
CHI,Chicago Bulls,1990,19830,250,669,3281,6421,1665,2140,1075,2279,2172,814,388,1247,1906
IND,Indiana Pacers,1990,19880,294,770,3087,6037,1906,2335,940,2388,2023,552,350,1342,1972
ATL,Atlanta Hawks,1990,19730,124,411,3293,6608,1943,2544,1273,2187,1820,717,353,1270,1871
NYK,New York Knicks,1990,19830,236,710,3198,6379,1775,2349,1187,2426,2140,714,492,1412,1828
WSB,Washington Bullets,1990,19830,37,197,3561,7384,1599,2093,1198,2450,2214,561,424,1201,1929
SEA,Seattle SuperSonics,1990,19905,231,650,3235,6593,1606,2167,1323,2255,1874,701,335,1336,2064
UTA,Utah Jazz,1990,19830,226,630,3104,5963,1874,2484,953,2501,2212,677,491,1410,2031
HOU,Houston Rockets,1990,19805,153,491,3330,6759,1633,2267,1217,2638,2194,809,551,1513,1934
SAS,San Antonio Spurs,1990,19730,54,226,3334,6771,1888,2535,1163,2474,2037,799,554,1399,1854
MIL,Milwaukee Bucks,1990,19830,209,670,3171,6476,1722,2273,1108,2246,2046,826,326,1315,2086
DET,Detroit Pistons,1990,19805,177,541,3156,6439,1713,2252,1185,2458,1996,512,418,1233,1961
LAC,Los Angeles Clippers,1990,19805,56,230,3263,6623,1815,2458,1056,2362,1978,782,507,1547,1859
CLE,Cleveland Cavaliers,1990,19880,346,851,2868,6126,1637,2201,1128,2380,2106,645,512,1243,1666
DAL,Dallas Mavericks,1990,19855,157,486,3089,6345,1735,2261,1042,2419,1776,664,398,1228,1733
SAC,Sacramento Kings,1990,19755,216,649,3089,6407,1515,1964,952,2363,2052,546,392,1239,1863
MIA,Miami Heat,1990,19730,88,300,3295,7045,1393,2028,1242,2313,1957,736,388,1557,2123
CHH,Charlotte Hornets,1990,19755,205,611,3065,6572,1487,1967,962,2211,2080,778,262,1226,1889
NJN,New Jersey Nets,1990,19705,140,506,3017,6909,1754,2350,1363,2324,1475,774,481,1360,1952
MIN,Minnesota Timberwolves,1990,19855,73,294,2994,6582,1596,2137,1196,2053,1844,789,344,1197,1901
DEN,Denver Nuggets,1991,19730,300,1059,3601,7809,1726,2263,1520,2530,2005,856,406,1332,2235
GSW,Golden State Warriors,1991,19805,270,801,3296,6545,2162,2761,1113,2306,1954,803,378,1359,2207
POR,Portland Trail Blazers,1991,19905,341,904,3236,6465,1912,2538,1202,2561,2254,724,410,1309,1975
PHO,Phoenix Suns,1991,19730,138,432,3435,6767,2064,2680,1132,2598,2209,687,535,1302,1850
IND,Indiana Pacers,1991,19805,249,749,3201,6245,2010,2479,1018,2376,2181,658,357,1355,2088
BOS,Boston Celtics,1991,19805,109,346,3586,6868,1646,1997,1088,2697,2160,672,565,1320,1695
CHI,Chicago Bulls,1991,19755,155,424,3477,6701,1605,2111,1148,2342,2212,822,438,1184,1751
ATL,Atlanta Hawks,1991,19755,271,836,3078,6387,2034,2544,1235,2420,1864,729,374,1231,1768
SAS,San Antonio Spurs,1991,19830,81,297,3328,6691,1883,2459,1131,2657,2140,670,571,1445,1896
HOU,Houston Rockets,1991,19855,316,989,3087,6298,1631,2200,1275,2508,1906,796,409,1402,1874
SEA,Seattle SuperSonics,1991,19880,136,427,3364,6690,1608,2143,1222,2173,2042,861,380,1404,1973
MIL,Milwaukee Bucks,1991,19855,257,753,3080,6195,1796,2241,1079,2162,2075,894,330,1321,2033
LAL,Los Angeles Lakers,1991,19830,226,744,3117,6167,1805,2261,1078,2440,2091,642,384,1203,1524
ORL,Orlando Magic,1991,19780,270,754,3028,6502,1818,2447,1233,2429,1809,602,306,1391,1976
PHI,Philadelphia 76ers,1991,20080,195,618,3094,6307,1868,2366,984,2496,1824,678,479,1230,1629
UTA,Utah Jazz,1991,19780,148,458,3066,6079,1951,2472,867,2474,2217,652,451,1305,1796
LAC,Los Angeles Clippers,1991,19805,113,434,3278,6881,1596,2273,1246,2500,2119,725,507,1438,2043
NYK,New York Knicks,1991,19955,185,558,3123,6264,1654,2147,1053,2436,2172,638,418,1379,1764
NJN,New Jersey Nets,1991,19830,161,586,3150,6873,1658,2245,1400,2348,1782,748,600,1423,1954
CHH,Charlotte Hornets,1991,19805,131,417,3155,6616,1725,2214,1027,2200,2019,759,304,1290,1946
MIA,Miami Heat,1991,19780,140,464,3140,6675,1649,2307,1232,2302,1904,756,387,1551,2080
CLE,Cleveland Cavaliers,1991,19830,160,479,3099,6378,1665,2176,1011,2329,2240,643,450,1281,1672
WSB,Washington Bullets,1991,19855,55,284,3335,6984,1478,2028,1173,2390,2081,588,468,1359,1927
DET,Detroit Pistons,1991,19805,131,440,3063,6435,1686,2211,1206,2452,1825,487,367,1181,1869
DAL,Dallas Mavericks,1991,19805,193,600,3052,6290,1512,1986,984,2360,1821,581,397,1186,1840
MIN,Minnesota Timberwolves,1991,19905,108,381,3157,6895,1531,2082,1275,2113,1885,712,440,1062,1864
SAC,Sacramento Kings,1991,19705,216,578,2870,6240,1540,2105,1027,2218,1991,631,513,1272,2075
GSW,Golden State Warriors,1992,19880,254,763,3513,6664,1944,2606,1137,2376,2064,854,375,1353,2049
IND,Indiana Pacers,1992,19955,333,940,3165,6139,1868,2364,1083,2564,2398,705,393,1402,2137
PHO,Phoenix Suns,1992,19805,227,596,3326,6623,1861,2397,1088,2558,2202,673,582,1243,1852
POR,Portland Trail Blazers,1992,19880,325,944,3151,6408,1858,2463,1294,2549,2065,753,410,1328,1983
CHI,Chicago Bulls,1992,19830,138,454,3505,6714,1587,2132,1173,2439,2279,672,480,1088,1693
CHH,Charlotte Hornets,1992,19805,117,369,3496,7199,1637,2168,1164,2367,2284,822,309,1273,1819
CLE,Cleveland Cavaliers,1992,19805,253,708,3174,6317,1819,2259,1041,2450,2260,616,621,1073,1556
UTA,Utah Jazz,1992,19880,158,458,3221,6408,1961,2490,1097,2543,2188,715,448,1264,1746
BOS,Boston Celtics,1992,19780,110,359,3433,6837,1549,1917,1095,2583,2072,636,484,1165,1686
SEA,Seattle SuperSonics,1992,19855,205,647,3175,6481,1772,2263,1282,2257,1877,775,448,1323,1952
ATL,Atlanta Hawks,1992,19905,210,671,3282,6805,1517,2074,1288,2498,2123,793,320,1255,1771
NJN,New Jersey Nets,1992,19780,224,670,3249,6910,1471,2009,1512,2392,1937,736,615,1392,1834
MIL,Milwaukee Bucks,1992,19880,371,1005,2950,6211,1596,2104,1297,2172,2018,863,317,1350,1904
MIA,Miami Heat,1992,19830,257,751,2999,6310,1839,2329,1187,2366,1749,670,373,1377,1819
SAC,Sacramento Kings,1992,19830,238,675,3110,6514,1615,2162,1054,2354,1957,727,618,1360,1763
SAS,San Antonio Spurs,1992,19780,118,404,3259,6686,1652,2246,1229,2552,2010,729,608,1308,1799
LAC,Los Angeles Clippers,1992,19830,145,502,3202,6574,1601,2223,1132,2393,2053,824,498,1269,1873
WSB,Washington Bullets,1992,19855,146,537,3218,6764,1521,1956,1069,2345,2011,713,422,1254,1852
HOU,Houston Rockets,1992,19880,329,959,2944,5935,1491,2020,1074,2432,2058,656,571,1378,1769
PHI,Philadelphia 76ers,1992,19755,227,680,2960,6081,1757,2267,1058,2309,1755,692,482,1238,1582
ORL,Orlando Magic,1992,19705,197,608,3023,6494,1693,2268,1171,2329,1792,643,367,1390,1977
NYK,New York Knicks,1992,19855,201,618,3111,6329,1503,2049,1185,2489,2130,634,382,1242,1905
MIN,Minnesota Timberwolves,1992,19805,126,394,3240,6948,1379,1857,1167,2168,2025,619,526,1157,1866
LAL,Los Angeles Lakers,1992,19830,119,445,3064,6532,1744,2278,1156,2196,1803,756,400,1089,1543
DEN,Denver Nuggets,1992,19780,126,418,3136,6962,1526,2067,1350,2352,1553,773,461,1447,1984
DET,Detroit Pistons,1992,19780,165,526,3026,6341,1566,2108,1210,2421,1899,546,357,1212,1646
DAL,Dallas Mavericks,1992,19755,268,797,2852,6307,1499,1999,1194,2439,1630,536,349,1202,1867
PHO,Phoenix Suns,1993,19730,398,1095,3096,5998,1912,2539,1141,2510,2087,752,455,1359,1739
CHH,Charlotte Hornets,1993,19755,175,537,3337,6673,1831,2374,1095,2508,2161,639,473,1325,1790
GSW,Golden State Warriors,1993,19905,298,852,3176,6360,1768,2465,1219,2384,2010,693,383,1451,2056
POR,Portland Trail Blazers,1993,19905,275,843,3086,6500,1901,2551,1226,2507,1969,770,425,1215,1892
SEA,Seattle SuperSonics,1993,19780,218,610,3255,6530,1720,2259,1222,2254,1906,944,409,1267,1971
SAC,Sacramento Kings,1993,19780,262,788,3098,6476,1865,2447,1137,2281,2075,768,348,1364,2085
IND,Indiana Pacers,1993,19755,257,789,3114,6233,1837,2399,1220,2455,2144,615,403,1256,2045
CLE,Cleveland Cavaliers,1993,19830,283,742,3142,6145,1699,2119,929,2496,2349,615,536,1120,1580
ATL,Atlanta Hawks,1993,19830,382,1076,3010,6196,1648,2221,1290,2344,2084,806,278,1339,1807
LAC,Los Angeles Clippers,1993,19805,133,491,3411,6838,1562,2177,1183,2360,2242,847,491,1338,1920
UTA,Utah Jazz,1993,19755,130,414,3206,6414,1907,2491,1041,2463,2177,746,344,1270,1965
ORL,Orlando Magic,1993,19880,317,889,2940,5819,1821,2495,1040,2566,1952,542,467,1429,1925
SAS,San Antonio Spurs,1993,19855,236,692,3075,6070,1794,2346,919,2542,2012,582,514,1227,1844
DEN,Denver Nuggets,1993,19830,138,454,3214,6828,1784,2360,1266,2564,1735,651,565,1413,2039
CHI,Chicago Bulls,1993,19830,244,669,3231,6536,1431,1952,1290,2283,2133,783,410,1103,1804
PHI,Philadelphia 76ers,1993,19930,330,941,2895,6134,1776,2259,1031,2431,2038,672,566,1362,1604
LAL,Los Angeles Lakers,1993,19830,187,626,3122,6368,1741,2304,1103,2288,2013,782,431,1266,1778
HOU,Houston Rockets,1993,19780,387,1073,2893,5671,1584,2090,985,2532,2115,682,543,1295,1699
BOS,Boston Celtics,1993,19780,110,383,3343,6710,1486,1912,1076,2436,1999,647,458,1174,1862
MIA,Miami Heat,1993,20005,333,940,2794,5910,1908,2476,1134,2384,1688,609,350,1287,2011
NJN,New Jersey Nets,1993,19780,155,488,3117,6596,1732,2258,1291,2506,1872,693,526,1355,1892
MIL,Milwaukee Bucks,1993,19730,312,936,2956,5988,1544,2081,1050,2113,2084,863,393,1363,1978
WSB,Washington Bullets,1993,19805,174,578,3128,6487,1575,2107,1031,2317,2110,673,359,1323,1795
NYK,New York Knicks,1993,19930,193,604,3016,6294,1717,2316,1150,2660,2125,680,372,1296,2111
DET,Detroit Pistons,1993,19780,292,908,2975,6303,1426,1957,1293,2315,1941,580,249,1152,1747
DAL,Dallas Mavericks,1993,19730,283,837,2881,6434,1530,2171,1234,2265,1683,649,355,1459,2302
MIN,Minnesota Timberwolves,1993,19855,166,569,2877,5960,1794,2247,940,2204,2001,649,455,1422,2028
PHO,Phoenix Suns,1994,19705,344,1042,3085,6038,1674,2301,1220,2453,2261,745,460,1305,1639
GSW,Golden State Warriors,1994,19780,291,859,3221,6286,1529,2304,1183,2396,2198,804,511,1433,1789
POR,Portland Trail Blazers,1994,19755,272,770,3099,6657,1781,2396,1302,2460,2070,744,409,1210,1827
CHH,Charlotte Hornets,1994,19830,336,916,3046,6184,1632,2135,1019,2475,2214,724,394,1266,1747
SEA,Seattle SuperSonics,1994,19730,242,722,3096,6179,1769,2374,1148,2233,2112,1053,365,1262,1914
ORL,Orlando Magic,1994,19730,394,1137,2947,5746,1590,2346,1177,2356,2070,683,456,1327,1713
MIA,Miami Heat,1994,19805,337,997,2860,5899,1744,2223,1235,2407,1856,643,374,1315,2024
NJN,New Jersey Nets,1994,19830,223,683,2946,6432,1900,2495,1300,2556,1900,696,576,1196,1693
LAC,Los Angeles Clippers,1994,19780,252,831,3091,6332,1509,2128,1120,2410,2169,807,421,1474,1769
UTA,Utah Jazz,1994,19830,179,559,3028,6170,1761,2379,1059,2385,2179,751,364,1191,1988
ATL,Atlanta Hawks,1994,19755,268,830,2979,6209,1556,2070,1250,2423,2056,915,449,1252,1625
CLE,Cleveland Cavaliers,1994,19855,294,813,2839,5918,1736,2254,1090,2353,2049,705,426,1136,1701
HOU,Houston Rockets,1994,19780,429,1285,2768,5448,1469,1978,926,2619,2087,717,485,1338,1646
SAC,Sacramento Kings,1994,19755,257,729,2922,6298,1676,2292,1122,2349,2029,669,355,1333,1979
IND,Indiana Pacers,1994,19755,184,500,2983,6016,1762,2387,1130,2409,2055,706,457,1440,1974
BOS,Boston Celtics,1994,19905,138,477,3195,6580,1463,2003,1037,2380,1928,674,440,1242,1849
LAL,Los Angeles Lakers,1994,19755,241,803,3050,6513,1410,1967,1260,2204,1983,751,461,1197,1877
WSB,Washington Bullets,1994,19705,221,744,2974,6082,1618,2162,1071,2189,1823,701,321,1403,1715
DEN,Denver Nuggets,1994,19755,170,597,2986,6184,1739,2423,1105,2557,1763,679,686,1422,1926
SAS,San Antonio Spurs,1994,19780,249,714,2929,5974,1597,2151,1189,2597,1896,561,450,1198,1662
NYK,New York Knicks,1994,19755,316,908,2782,5827,1564,2097,1175,2542,2067,752,385,1360,2001
PHI,Philadelphia 76ers,1994,19805,318,942,2785,5877,1509,2112,1012,2394,1827,663,525,1368,1488
CHI,Chicago Bulls,1994,19780,233,659,3012,6156,1310,1859,1143,2391,2102,740,354,1306,1750
MIL,Milwaukee Bucks,1994,19705,331,1019,2713,5788,1530,2181,1126,2154,1946,800,407,1343,1821
DET,Detroit Pistons,1994,19730,358,1041,2811,5976,1253,1715,1027,2320,1767,602,309,1236,1935
MIN,Minnesota Timberwolves,1994,19730,183,557,2802,5978,1777,2303,990,2343,1967,600,440,1478,2016
DAL,Dallas Mavericks,1994,19730,241,773,2814,6297,1450,1942,1271,2150,1629,767,299,1393,2007
ORL,Orlando Magic,1995,19930,523,1412,2937,5487,1648,2465,1149,2457,2281,672,488,1297,1726
PHO,Phoenix Suns,1995,19830,584,1584,2772,5383,1777,2352,1027,2403,2198,687,312,1167,1839
SEA,Seattle SuperSonics,1995,19830,491,1305,2819,5436,1944,2564,1068,2337,2115,917,392,1295,2067
SAS,San Antonio Spurs,1995,19855,434,1158,2802,5529,1836,2487,1029,2661,1919,656,456,1246,1871
UTA,Utah Jazz,1995,19780,301,801,2942,5538,1939,2483,874,2412,2256,758,392,1289,2045
GSW,Golden State Warriors,1995,19905,546,1602,2671,5271,1687,2395,1101,2371,2017,649,391,1497,1804
LAL,Los Angeles Lakers,1995,19905,525,1492,2759,5596,1523,2072,1126,2316,2078,750,563,1243,1933
HOU,Houston Rockets,1995,19730,646,1757,2513,4822,1527,2039,880,2440,2060,721,514,1322,1714
DAL,Dallas Mavericks,1995,19930,386,1200,2841,6142,1622,2210,1514,2433,1941,579,348,1345,1811
POR,Portland Trail Blazers,1995,19705,462,1266,2755,5868,1555,2230,1352,2443,1846,668,467,1212,2024
BOS,Boston Celtics,1995,19805,362,984,2817,5863,1708,2268,1156,2320,1783,612,361,1305,1975
CHI,Chicago Bulls,1995,19830,443,1187,2748,5523,1500,2065,1106,2294,1970,797,352,1297,1962
DEN,Denver Nuggets,1995,19980,413,1160,2685,5301,1700,2305,1040,2402,1836,660,585,1381,2063
MIA,Miami Heat,1995,19805,436,1182,2708,5556,1569,2133,1092,2272,1779,662,298,1291,2000
CHH,Charlotte Hornets,1995,19805,560,1409,2491,5029,1587,2042,832,2395,2072,620,399,1224,1685
WSB,Washington Bullets,1995,19855,433,1264,2743,5635,1457,2013,1044,2219,1749,648,404,1301,1949
MIL,Milwaukee Bucks,1995,19855,494,1349,2528,5237,1608,2259,1063,2187,1737,674,359,1393,1858
IND,Indiana Pacers,1995,19780,374,985,2609,5263,1796,2390,1051,2290,1877,703,363,1340,1939
SAC,Sacramento Kings,1995,19855,359,1037,2666,5426,1647,2317,1073,2325,1824,650,457,1449,2040
NYK,New York Knicks,1995,19780,532,1446,2453,4948,1552,2114,929,2473,2055,591,387,1305,2102
DET,Detroit Pistons,1995,19730,494,1396,2566,5237,1439,1941,958,2204,1872,705,420,1318,2151
NJN,New Jersey Nets,1995,19880,414,1297,2525,5441,1750,2305,1213,2569,1884,544,548,1300,1844
LAC,Los Angeles Clippers,1995,19880,331,1051,2729,5837,1476,2079,1064,2076,1805,787,435,1334,2152
ATL,Atlanta Hawks,1995,19855,539,1580,2447,5100,1410,1948,1104,2272,1757,738,412,1221,1804
PHI,Philadelphia 76ers,1995,19805,355,936,2594,5641,1567,2125,1105,2230,1566,643,576,1355,1835
MIN,Minnesota Timberwolves,1995,19780,318,1016,2474,5203,1824,2355,883,2090,1780,609,402,1400,2074
CLE,Cleveland Cavaliers,1995,19930,398,1033,2358,5222,1507,1982,1045,2237,1672,630,349,1176,1694
CHI,Chicago Bulls,1996,19730,544,1349,2749,5543,1495,2004,1247,2411,2033,745,345,1175,1807
SEA,Seattle SuperSonics,1996,19880,581,1596,2493,4805,1843,2424,954,2449,1999,882,393,1441,1967
ORL,Orlando Magic,1996,19855,622,1645,2581,4995,1543,2232,966,2401,2080,663,406,1160,1709
PHO,Phoenix Suns,1996,19955,327,984,2832,5689,1907,2472,1009,2501,2001,623,331,1207,1776
BOS,Boston Celtics,1996,19905,539,1453,2624,5489,1630,2284,1050,2427,1792,653,406,1302,2041
SAS,San Antonio Spurs,1996,19780,518,1320,2630,5282,1663,2261,937,2586,2044,645,536,1195,1820
LAL,Los Angeles Lakers,1996,19680,477,1359,2739,5347,1529,2049,995,2303,2080,722,516,1163,1702
CHH,Charlotte Hornets,1996,19880,584,1520,2524,5098,1631,2119,987,2256,1907,582,277,1241,1815
DAL,Dallas Mavericks,1996,19930,735,2039,2389,5392,1426,1975,1408,2379,1913,642,342,1270,1836
WSB,Washington Bullets,1996,19805,493,1212,2709,5406,1511,2076,930,2327,1815,592,506,1327,1981
HOU,Houston Rockets,1996,19805,637,1761,2441,4877,1611,2106,919,2455,1982,645,476,1245,1753
UTA,Utah Jazz,1996,19780,377,1013,2752,5404,1769,2302,993,2373,2139,667,418,1215,2046
GSW,Golden State Warriors,1996,19755,447,1199,2609,5501,1775,2340,1173,2285,1889,706,470,1343,1835
SAC,Sacramento Kings,1996,19755,462,1194,2509,5300,1759,2407,1114,2345,1829,643,436,1442,2131
LAC,Los Angeles Clippers,1996,19730,509,1374,2617,5244,1392,1984,979,2190,1672,703,411,1355,2008
POR,Portland Trail Blazers,1996,19905,480,1358,2584,5330,1537,2321,1160,2577,1760,594,417,1377,1859
IND,Indiana Pacers,1996,19755,363,973,2616,5232,1823,2416,1010,2262,1917,579,323,1335,2031
ATL,Atlanta Hawks,1996,19730,566,1595,2419,5070,1523,2012,1182,2148,1609,771,319,1228,1714
MIN,Minnesota Timberwolves,1996,19780,279,857,2695,5624,1797,2314,985,2271,1867,650,481,1426,1994
DEN,Denver Nuggets,1996,19830,397,1148,2604,5509,1614,2173,1057,2487,1851,521,597,1265,1882
TOR,Toronto Raptors,1996,19830,414,1168,2670,5430,1412,1953,1071,2213,1927,745,493,1544,1987
NYK,New York Knicks,1996,19830,485,1285,2518,5097,1480,1954,829,2449,1822,645,377,1272,1864
MIA,Miami Heat,1996,19780,552,1458,2350,4890,1553,2187,999,2495,1752,574,439,1394,2158
MIL,Milwaukee Bucks,1996,19730,357,1056,2677,5434,1412,1914,973,2164,1755,582,307,1295,1943
DET,Detroit Pistons,1996,19830,545,1350,2265,4772,1657,2206,884,2440,1610,506,352,1215,1953
PHI,Philadelphia 76ers,1996,19730,492,1438,2304,4980,1662,2263,1031,2161,1629,643,420,1414,1777
NJN,New Jersey Nets,1996,19905,250,746,2631,6004,1672,2244,1350,2503,1752,627,571,1375,1880
CLE,Cleveland Cavaliers,1996,19830,596,1582,2165,4416,1355,1775,867,2055,1818,674,340,1073,1685
VAN,Vancouver Grizzlies,1996,19880,372,1129,2400,5354,1446,1998,957,2170,1706,728,333,1347,1852
CHI,Chicago Bulls,1997,19730,523,1403,2754,5520,1381,1848,1235,2461,2142,716,332,1109,1617
UTA,Utah Jazz,1997,19830,334,902,2797,5315,1858,2416,889,2410,2199,748,418,1259,1981
PHO,Phoenix Suns,1997,19855,527,1428,2616,5277,1618,2125,916,2376,2067,664,322,1180,1727
SEA,Seattle SuperSonics,1997,19780,559,1583,2436,4832,1725,2295,1010,2271,1931,904,388,1231,1803
BOS,Boston Celtics,1997,19905,467,1331,2599,5636,1649,2199,1095,2188,1792,810,315,1342,1915
HOU,Houston Rockets,1997,19855,671,1839,2366,4645,1503,1992,927,2565,2013,685,347,1365,1610
PHI,Philadelphia 76ers,1997,19780,433,1356,2570,5494,1776,2450,1267,2355,1695,683,394,1437,1733
LAL,Los Angeles Lakers,1997,19930,551,1500,2467,5142,1613,2330,1092,2414,1845,740,575,1222,1818
GSW,Golden State Warriors,1997,19905,481,1363,2516,5204,1696,2180,1086,2259,1822,611,359,1410,1787
WSB,Washington Bullets,1997,19855,331,1001,2877,5677,1400,1979,1010,2420,1921,712,402,1289,1815
POR,Portland Trail Blazers,1997,19855,501,1401,2499,5064,1613,2261,1058,2494,1710,640,435,1357,1928
CHH,Charlotte Hornets,1997,19805,591,1382,2397,4960,1541,1984,910,2298,2021,597,349,1203,1702
DEN,Denver Nuggets,1997,19930,636,1711,2298,4976,1516,1992,994,2452,1889,503,487,1359,1784
NJN,New Jersey Nets,1997,19780,484,1371,2510,5720,1502,2031,1410,2376,1726,677,481,1290,1865
LAC,Los Angeles Clippers,1997,19930,474,1339,2515,5357,1517,2074,1092,2242,1662,733,441,1311,1964
SAC,Sacramento Kings,1997,19855,414,1058,2586,5553,1494,2067,1100,2307,1799,588,362,1332,1946
MIN,Minnesota Timberwolves,1997,19780,371,1093,2566,5343,1637,2180,957,2302,1874,618,557,1243,1818
TOR,Toronto Raptors,1997,19830,589,1624,2308,5008,1446,2008,1135,2254,1714,722,517,1347,1883
NYK,New York Knicks,1997,19855,470,1294,2412,4933,1585,2119,973,2516,1809,629,378,1462,2033
IND,Indiana Pacers,1997,19930,430,1130,2421,5124,1687,2336,1029,2390,1750,585,394,1338,1977
MIL,Milwaukee Bucks,1997,19730,324,920,2643,5383,1560,2104,955,2263,1610,632,348,1285,1892
MIA,Miami Heat,1997,19805,678,1865,2144,4370,1454,2022,957,2402,1735,650,439,1306,1919
ATL,Atlanta Hawks,1997,19805,659,1834,2153,4473,1491,1955,1021,2350,1557,701,427,1228,1591
DET,Detroit Pistons,1997,19830,582,1499,2245,4596,1487,1995,858,2292,1554,632,283,1041,1652
ORL,Orlando Magic,1997,19855,567,1662,2272,4835,1474,1975,1071,2221,1689,694,363,1250,1643
DAL,Dallas Mavericks,1997,19805,430,1316,2383,5136,1375,1918,1040,2262,1663,654,351,1324,1798
SAS,San Antonio Spurs,1997,19730,378,1180,2449,5211,1386,1929,1101,2129,1661,646,431,1243,1764
VAN,Vancouver Grizzlies,1997,19780,445,1274,2374,5179,1230,1734,1023,2155,1862,657,464,1301,1755
CLE,Cleveland Cavaliers,1997,19855,483,1284,2221,4688,1282,1773,909,2159,1714,655,315,1188,1882
LAL,Los Angeles Lakers,1998,19830,497,1415,2649,5121,1863,2743,1079,2471,2009,734,556,1256,1859
MIN,Minnesota Timberwolves,1998,19930,303,873,2854,5971,1673,2253,1063,2429,2068,639,427,1138,1882
UTA,Utah Jazz,1998,19780,249,670,2744,5443,2044,2644,962,2405,2070,648,412,1259,1961
SEA,Seattle SuperSonics,1998,19755,621,1569,2431,4889,1521,2109,931,2225,1986,804,376,1145,1812
NJN,New Jersey Nets,1998,19880,310,937,2745,5991,1750,2351,1344,2137,1685,777,314,1180,1917
PHO,Phoenix Suns,1998,19955,431,1211,2707,5499,1459,1948,991,2452,2124,756,429,1236,1765
HOU,Houston Rockets,1998,19830,573,1670,2373,4843,1634,2120,987,2350,1799,686,294,1298,1653
WAS,Washington Wizards,1998,19805,320,944,2760,5867,1489,2156,1121,2341,1900,689,379,1156,1839
CHI,Chicago Bulls,1998,19855,311,962,2753,5839,1492,2009,1243,2438,1952,696,353,1178,1691
CHH,Charlotte Hornets,1998,19780,346,904,2622,5440,1641,2186,985,2341,1941,691,312,1247,1757
VAN,Vancouver Grizzlies,1998,19830,325,898,2681,5669,1586,2145,1081,2313,1960,614,349,1405,1809
IND,Indiana Pacers,1998,19830,401,1029,2520,5194,1631,2136,874,2348,1889,645,368,1168,1859
LAC,Los Angeles Clippers,1998,19780,525,1468,2405,5222,1480,2047,1040,2276,1533,625,456,1323,1827
BOS,Boston Celtics,1998,19730,415,1249,2597,5685,1425,1964,1196,2044,1816,987,366,1330,2203
ATL,Atlanta Hawks,1998,19880,337,1016,2550,5336,1749,2314,1106,2417,1569,653,491,1214,1671
MIA,Miami Heat,1998,19755,548,1544,2302,4783,1539,2082,1028,2419,1758,665,429,1226,1982
TOR,Toronto Raptors,1998,19930,372,1086,2593,5727,1479,2060,1187,2149,1746,769,663,1371,1851
MIL,Milwaukee Bucks,1998,19930,249,703,2669,5696,1663,2167,1035,2236,1649,733,357,1383,1915
POR,Portland Trail Blazers,1998,19830,324,1047,2561,5350,1640,2226,1086,2522,1766,585,464,1383,1859
DET,Detroit Pistons,1998,19955,293,938,2569,5435,1704,2288,1044,2338,1597,678,344,1198,1805
PHI,Philadelphia 76ers,1998,19755,243,810,2594,5599,1734,2352,1125,2294,1729,729,490,1356,1878
SAC,Sacramento Kings,1998,19730,283,806,2674,5878,1440,2096,1094,2304,1836,596,420,1271,1810
SAS,San Antonio Spurs,1998,19830,302,863,2596,5324,1489,2164,984,2638,1839,516,568,1318,1731
CLE,Cleveland Cavaliers,1998,19830,298,801,2519,5406,1653,2187,955,2331,1894,814,419,1421,1939
NYK,New York Knicks,1998,19830,382,1139,2482,5274,1399,1812,978,2434,1787,634,278,1247,1947
DAL,Dallas Mavericks,1998,19905,422,1183,2460,5571,1308,1738,1008,2280,1535,646,466,1183,1643
ORL,Orlando Magic,1998,19830,293,907,2478,5548,1552,2138,1178,2203,1694,649,441,1258,1617
DEN,Denver Nuggets,1998,19730,288,893,2389,5519,1658,2147,1040,2157,1547,664,393,1312,1937
GSW,Golden State Warriors,1998,19830,189,696,2656,6187,1358,1912,1288,2473,1708,621,448,1369,1859
SAC,Sacramento Kings,1999,12200,290,943,1628,3364,883,1293,706,1573,1129,444,232,842,1016
LAL,Los Angeles Lakers,1999,12050,241,685,1600,3250,1027,1503,619,1482,1095,389,287,754,1231
PHO,Phoenix Suns,1999,12050,261,702,1536,3302,924,1215,598,1418,1249,444,200,681,1022
SEA,Seattle SuperSonics,1999,12100,309,899,1447,3077,922,1354,676,1422,1087,393,201,765,1047
POR,Portland Trail Blazers,1999,12175,246,675,1501,3281,1002,1349,646,1570,1073,411,290,771,1126
IND,Indiana Pacers,1999,12100,294,799,1437,3067,977,1228,574,1452,1005,316,223,649,1082
HOU,Houston Rockets,1999,12075,336,914,1419,2884,865,1187,536,1540,1058,386,260,812,960
DEN,Denver Nuggets,1999,12025,302,922,1379,3067,1010,1325,647,1392,969,376,275,739,1145
UTA,Utah Jazz,1999,12175,140,388,1544,3232,1158,1510,555,1508,1204,398,276,814,1133
BOS,Boston Celtics,1999,12150,273,758,1543,3406,745,1077,680,1458,1073,453,255,807,1193
MIN,Minnesota Timberwolves,1999,12025,122,410,1716,3917,849,1143,754,1392,1218,426,272,641,1185
CHH,Charlotte Hornets,1999,12150,268,735,1403,2983,1034,1384,480,1493,1110,443,247,796,1101
SAS,San Antonio Spurs,1999,12075,172,521,1568,3291,988,1415,614,1584,1101,421,351,759,1010
MIL,Milwaukee Bucks,1999,12050,231,619,1522,3199,847,1155,570,1369,1030,442,202,719,1142
DAL,Dallas Mavericks,1999,12075,202,595,1547,3438,881,1210,645,1478,921,352,292,692,1065
NJN,New Jersey Nets,1999,12050,225,679,1466,3481,962,1251,715,1437,923,491,273,750,1134
WAS,Washington Wizards,1999,12050,179,580,1589,3389,845,1198,595,1403,1064,393,193,736,1151
TOR,Toronto Raptors,1999,12075,226,662,1434,3278,1011,1330,712,1447,1036,439,321,799,1139
LAC,Los Angeles Clippers,1999,12125,214,668,1497,3339,883,1225,665,1293,820,424,236,796,1223
DET,Detroit Pistons,1999,12050,248,679,1412,3037,950,1283,605,1412,1009,444,208,790,1139
PHI,Philadelphia 76ers,1999,12150,98,371,1558,3512,1073,1486,729,1428,934,542,271,822,1152
ORL,Orlando Magic,1999,12050,223,675,1464,3268,876,1252,688,1445,1067,496,213,819,935
MIA,Miami Heat,1999,12025,289,804,1327,2761,928,1262,503,1512,1019,327,304,744,1035
VAN,Vancouver Grizzlies,1999,12175,148,453,1495,3385,1009,1408,650,1359,964,420,199,848,1123
GSW,Golden State Warriors,1999,12125,162,565,1568,3608,794,1175,816,1559,1037,414,221,768,1270
CLE,Cleveland Cavaliers,1999,12050,182,534,1380,3027,1016,1356,472,1316,1093,452,203,785,1208
NYK,New York Knicks,1999,12100,208,589,1402,3115,892,1218,551,1510,963,395,262,804,1140
ATL,Atlanta Hawks,1999,12075,197,644,1342,3116,1040,1422,676,1499,782,346,260,745,987
CHI,Chicago Bulls,1999,12075,177,612,1362,3225,840,1185,573,1394,1017,436,169,774,1112
SAC,Sacramento Kings,2000,19805,534,1656,2742,5632,1521,2016,1056,2635,1953,787,381,1325,1729
DET,Detroit Pistons,2000,19830,439,1223,2605,5412,1956,2506,917,2458,1707,665,273,1288,2011
DAL,Dallas Mavericks,2000,19730,519,1326,2676,5721,1407,1751,931,2444,1810,592,416,1124,1770
IND,Indiana Pacers,2000,19730,583,1487,2464,5153,1629,2008,842,2612,1857,559,422,1159,1786
MIL,Milwaukee Bucks,2000,19855,394,1069,2780,5758,1558,1982,1016,2373,1852,671,381,1230,2020
LAL,Los Angeles Lakers,2000,19805,344,1047,2793,5789,1649,2368,1117,2738,1921,613,534,1143,1841
ORL,Orlando Magic,2000,19755,294,870,2875,6144,1574,2142,1145,2540,1709,743,467,1443,1967
HOU,Houston Rockets,2000,19830,581,1625,2420,5039,1573,2145,1008,2586,1774,613,438,1425,1663
BOS,Boston Celtics,2000,19730,417,1260,2637,5620,1621,2175,1108,2420,1741,795,286,1259,2223
SEA,Seattle SuperSonics,2000,19780,546,1611,2562,5335,1363,1960,1042,2483,1878,657,345,1152,1776
DEN,Denver Nuggets,2000,19855,470,1397,2587,5514,1531,2116,1073,2590,1911,554,618,1281,1962
PHO,Phoenix Suns,2000,19805,458,1246,2635,5525,1467,1934,1022,2558,2098,744,433,1368,1973
MIN,Minnesota Timberwolves,2000,19905,248,716,2978,6194,1379,1769,1016,2471,2205,622,444,1139,1913
CHH,Charlotte Hornets,2000,19780,339,1001,2596,5532,1863,2458,884,2635,2023,732,480,1206,1670
NJN,New Jersey Nets,2000,19830,477,1374,2502,5507,1601,2041,1040,2315,1688,720,393,1119,1913
POR,Portland Trail Blazers,2000,19780,407,1128,2614,5302,1542,2029,966,2560,1925,633,396,1243,1865
TOR,Toronto Raptors,2000,19755,425,1171,2555,5711,1583,2068,1098,2449,1947,666,544,1137,1989
CLE,Cleveland Cavaliers,2000,19855,343,919,2634,5815,1653,2205,1010,2499,1941,715,363,1427,2219
WAS,Washington Wizards,2000,19805,335,890,2675,5791,1566,2107,1064,2438,1771,593,383,1320,2149
UTA,Utah Jazz,2000,19755,329,854,2633,5526,1661,2150,936,2426,2041,629,446,1220,2013
SAS,San Antonio Spurs,2000,19855,330,882,2622,5511,1652,2214,927,2666,1819,614,551,1233,1716
GSW,Golden State Warriors,2000,19755,345,1069,2651,6071,1497,2147,1300,2438,1851,731,356,1302,2043
PHI,Philadelphia 76ers,2000,19830,208,643,2785,6133,1577,2226,1147,2468,1817,791,386,1284,1939
MIA,Miami Heat,2000,19830,446,1202,2528,5260,1345,1827,921,2619,1931,582,524,1231,1947
ATL,Atlanta Hawks,2000,19830,258,814,2742,5993,1477,1987,1146,2570,1548,500,461,1266,1718
VAN,Vancouver Grizzlies,2000,19855,324,898,2568,5543,1594,2060,1005,2324,1700,608,346,1381,1881
NYK,New York Knicks,2000,19830,351,937,2546,5437,1410,1805,802,2521,1588,515,349,1201,1983
LAC,Los Angeles Clippers,2000,19705,429,1267,2448,5490,1363,1826,955,2377,1479,578,494,1325,1821
CHI,Chicago Bulls,2000,19805,340,1032,2225,5148,1482,2089,1032,2323,1645,646,383,1557,1908
SAC,Sacramento Kings,2001,20080,479,1353,2653,5616,1600,2075,987,2705,1852,793,432,1221,1596
MIL,Milwaukee Bucks,2001,19780,562,1481,2550,5317,1474,1874,975,2500,1844,672,386,1123,1928
LAL,Los Angeles Lakers,2001,19905,439,1275,2670,5410,1594,2333,1085,2583,1888,564,490,1184,1872
DAL,Dallas Mavericks,2001,19805,517,1357,2568,5359,1552,1954,831,2571,1740,618,492,1141,1907
TOR,Toronto Raptors,2001,19955,429,1164,2619,5808,1482,1984,1118,2529,2004,599,519,1080,1745
ORL,Orlando Magic,2001,19955,490,1346,2523,5527,1476,2068,1069,2450,1803,674,481,1245,2071
MIN,Minnesota Timberwolves,2001,19830,322,901,2826,5970,1364,1737,1002,2470,2083,682,456,1136,1900
SEA,Seattle SuperSonics,2001,19805,466,1169,2563,5480,1454,1986,999,2422,1792,657,409,1252,1733
HOU,Houston Rockets,2001,19830,504,1412,2439,5082,1582,2086,919,2524,1613,587,358,1204,1657
UTA,Utah Jazz,2001,19780,325,852,2635,5437,1714,2280,943,2383,2110,661,463,1296,2107
DEN,Denver Nuggets,2001,19780,512,1444,2467,5433,1448,1964,1044,2583,1970,552,538,1136,1820
SAS,San Antonio Spurs,2001,19830,445,1094,2439,5168,1673,2340,902,2712,1778,568,576,1145,1551
DET,Detroit Pistons,2001,19855,389,1112,2530,5768,1610,2233,1108,2626,1629,613,447,1304,1955
POR,Portland Trail Blazers,2001,19780,369,1057,2635,5360,1447,1899,960,2481,1963,672,419,1257,1745
PHI,Philadelphia 76ers,2001,19855,262,803,2640,5684,1697,2277,1075,2600,1692,690,408,1292,1673
BOS,Boston Celtics,2001,19830,592,1633,2181,4852,1621,2190,897,2367,1708,769,336,1285,1952
PHO,Phoenix Suns,2001,19805,332,1054,2612,5703,1490,1973,970,2529,1905,775,429,1250,1864
WAS,Washington Wizards,2001,19680,275,848,2558,5605,1704,2245,1016,2370,1647,630,383,1391,1913
IND,Indiana Pacers,2001,19980,396,1159,2432,5272,1539,2009,921,2595,1763,563,487,1244,1926
GSW,Golden State Warriors,2001,19780,282,964,2655,6211,1428,2024,1345,2385,1788,742,410,1301,1727
LAC,Los Angeles Clippers,2001,20030,360,1063,2536,5404,1429,2061,962,2559,1585,490,513,1293,1775
CLE,Cleveland Cavaliers,2001,19830,220,659,2670,5873,1561,2040,1015,2440,1708,642,436,1350,1904
NJN,New Jersey Nets,2001,19730,361,1084,2420,5466,1629,2146,909,2337,1603,649,407,1208,1982
CHH,Charlotte Hornets,2001,19880,340,984,2460,5517,1599,2146,1033,2608,1900,665,455,1183,1753
VAN,Vancouver Grizzlies,2001,19780,325,947,2545,5592,1457,1892,894,2431,1899,586,359,1291,1733
ATL,Atlanta Hawks,2001,19730,333,933,2543,5735,1374,1811,1028,2490,1559,634,387,1368,1863
MIA,Miami Heat,2001,19880,478,1384,2216,4874,1423,1874,813,2435,1630,633,304,1122,1726
NYK,New York Knicks,2001,19905,391,1115,2364,5083,1374,1727,773,2524,1520,545,346,1189,1863
CHI,Chicago Bulls,2001,19855,329,950,2392,5461,1410,1909,926,2260,1810,675,379,1292,1902
DAL,Dallas Mavericks,2002,19880,621,1645,2579,5285,1608,1994,918,2568,1811,581,392,992,1842
SAC,Sacramento Kings,2002,19755,426,1160,2841,5843,1618,2154,1013,2702,1958,741,375,1128,1560
LAL,Los Angeles Lakers,2002,19780,510,1439,2640,5401,1494,2138,1022,2607,1882,625,478,1040,1823
ORL,Orlando Magic,2002,19830,620,1660,2467,5233,1446,1917,942,2440,1804,665,384,1119,1700
MIN,Minnesota Timberwolves,2002,19805,396,1047,2779,5840,1399,1754,1059,2562,1993,524,427,1097,1739
SEA,Seattle SuperSonics,2002,19830,489,1292,2642,5389,1263,1672,968,2333,1926,698,364,1124,1732
GSW,Golden State Warriors,2002,19780,320,994,2678,5995,1693,2344,1334,2493,1706,650,523,1378,1884
MIL,Milwaukee Bucks,2002,19905,593,1583,2448,4994,1321,1767,841,2557,1847,596,388,1157,1788
IND,Indiana Pacers,2002,19905,405,1195,2530,5385,1663,2155,930,2568,1884,658,436,1249,1876
SAS,San Antonio Spurs,2002,19855,438,1211,2475,5152,1668,2249,907,2566,1643,625,537,1180,1575
POR,Portland Trail Blazers,2002,19830,466,1318,2538,5353,1451,1901,1085,2444,1926,702,368,1172,1613
BOS,Boston Celtics,2002,19830,699,1946,2153,4785,1498,1960,891,2570,1722,793,292,1114,1776
NJN,New Jersey Nets,2002,19830,403,1194,2639,5622,1402,1907,1039,2515,1990,716,490,1189,1734
UTA,Utah Jazz,2002,19830,280,842,2589,5532,1853,2430,1109,2349,1999,749,523,1353,1971
LAC,Los Angeles Clippers,2002,19805,408,1147,2562,5521,1498,2026,1083,2474,1714,510,540,1214,1624
CLE,Cleveland Cavaliers,2002,19855,387,1026,2561,5556,1529,1980,968,2483,1891,572,470,1196,1752
PHO,Phoenix Suns,2002,19830,358,1096,2739,5838,1250,1630,1072,2430,1838,668,401,1205,1785
DET,Detroit Pistons,2002,19680,567,1509,2278,4791,1478,1954,810,2366,1765,648,565,1193,1695
ATL,Atlanta Hawks,2002,19780,423,1194,2478,5416,1486,1942,955,2445,1656,667,350,1275,1702
CHH,Charlotte Hornets,2002,19755,346,994,2547,5586,1568,2105,1059,2505,1759,653,456,1150,1747
WAS,Washington Wizards,2002,19730,305,786,2633,5878,1428,1866,1055,2393,1715,570,354,1068,1763
HOU,Houston Rockets,2002,19980,496,1480,2341,5149,1402,1893,1025,2411,1482,537,445,1156,1476
DEN,Denver Nuggets,2002,19805,423,1285,2492,5585,1306,1756,1117,2310,1817,613,462,1205,1873
NYK,New York Knicks,2002,19805,474,1344,2343,5176,1406,1786,876,2458,1720,558,288,1192,1800
TOR,Toronto Raptors,2002,19755,387,1109,2532,5618,1269,1717,1114,2336,1779,688,454,1174,1771
PHI,Philadelphia 76ers,2002,19730,214,715,2590,5721,1639,2104,1092,2534,1638,705,363,1256,1645
MEM,Memphis Grizzlies,2002,19780,336,1096,2515,5439,1334,1883,984,2413,1785,646,488,1344,1571
CHI,Chicago Bulls,2002,19805,300,868,2511,5623,1413,1958,924,2359,1817,633,361,1252,1834
MIA,Miami Heat,2002,19930,312,899,2489,5483,1236,1708,902,2544,1664,547,448,1217,1846
DAL,Dallas Mavericks,2003,19780,636,1668,2525,5314,1486,1793,912,2544,1837,665,449,949,1730
GSW,Golden State Warriors,2003,19755,425,1235,2636,5706,1853,2382,1284,2546,1712,594,506,1295,1786
SAC,Sacramento Kings,2003,19830,491,1288,2751,5702,1367,1832,900,2751,2034,736,457,1192,1666
LAL,Los Angeles Lakers,2003,19930,486,1367,2605,5489,1562,2129,1078,2554,1909,639,470,1192,1874
MIL,Milwaukee Bucks,2003,19905,585,1526,2460,5144,1483,1911,876,2367,1823,622,344,1044,1820
ORL,Orlando Magic,2003,19805,568,1590,2379,5173,1616,2079,958,2392,1676,696,300,1177,1888
MIN,Minnesota Timberwolves,2003,19805,296,804,2876,6005,1406,1826,959,2614,2070,553,433,1124,1704
MEM,Memphis Grizzlies,2003,19930,467,1279,2582,5464,1430,1936,943,2466,1892,651,500,1262,1678
PHI,Philadelphia 76ers,2003,19855,245,787,2730,5853,1746,2253,1042,2415,1771,844,284,1212,1804
IND,Indiana Pacers,2003,19905,379,1119,2532,5489,1739,2271,1004,2622,1910,696,443,1210,1811
NYK,New York Knicks,2003,19855,606,1582,2361,5143,1320,1620,842,2376,1800,579,255,1149,1888
SAS,San Antonio Spurs,2003,19830,449,1270,2459,5027,1591,2194,939,2556,1636,629,529,1295,1672
PHO,Phoenix Suns,2003,19805,394,1149,2611,5627,1430,1928,1049,2440,1719,665,404,1208,1801
NJN,New Jersey Nets,2003,19755,346,1041,2560,5544,1662,2195,991,2528,1887,717,374,1212,1772
POR,Portland Trail Blazers,2003,19855,379,1150,2608,5341,1450,1947,992,2378,1860,725,316,1248,1634
CHI,Chicago Bulls,2003,19930,349,997,2642,5717,1455,2014,985,2541,1782,605,461,1388,2028
UTA,Utah Jazz,2003,19780,224,641,2670,5548,1750,2349,1021,2381,2103,708,467,1374,1837
ATL,Atlanta Hawks,2003,19905,402,1141,2457,5293,1594,2011,937,2558,1679,611,473,1367,1783
NOH,New Orleans Hornets,2003,19905,404,1075,2510,5620,1467,1910,1097,2475,1807,656,394,1212,1769
LAC,Los Angeles Clippers,2003,19755,390,1178,2445,5312,1633,2177,1008,2462,1605,574,461,1291,1784
HOU,Houston Rockets,2003,19930,439,1267,2401,5194,1569,2044,1024,2564,1506,594,493,1276,1602
BOS,Boston Celtics,2003,19830,719,2155,1981,4354,1480,1994,849,2471,1575,720,303,1147,1758
SEA,Seattle SuperSonics,2003,19855,456,1291,2431,5308,1325,1780,963,2385,1775,679,295,1085,1712
WAS,Washington Wizards,2003,19830,253,811,2563,5583,1617,2077,917,2395,1612,621,390,1095,1644
CLE,Cleveland Cavaliers,2003,19830,293,896,2557,5850,1502,2012,1118,2542,1712,636,521,1501,1864
DET,Detroit Pistons,2003,19905,533,1488,2167,4789,1559,2021,883,2445,1620,556,468,1104,1748
TOR,Toronto Raptors,2003,19805,409,1193,2438,5471,1350,1879,1023,2355,1583,609,392,1181,1761
MIA,Miami Heat,2003,19830,348,1100,2340,5417,1292,1689,948,2464,1501,592,324,1167,1856
DEN,Denver Nuggets,2003,19730,229,824,2460,5720,1294,1850,1112,2363,1737,712,422,1514,2056
DAL,Dallas Mavericks,2004,19805,507,1456,2815,5774,1475,1854,1174,2538,1963,656,437,1000,1609
SAC,Sacramento Kings,2004,19780,601,1498,2502,5213,1626,2044,888,2492,2152,710,325,1137,1586
LAL,Los Angeles Lakers,2004,19855,365,1115,2663,5561,1631,2352,1001,2535,1948,682,379,1132,1732
MIL,Milwaukee Bucks,2004,19780,401,1145,2569,5505,1698,2192,960,2502,1872,554,383,1110,1668
DEN,Denver Nuggets,2004,19730,331,985,2662,5778,1655,2159,1083,2387,1794,745,520,1278,1804
SEA,Seattle SuperSonics,2004,19805,723,1936,2216,4654,1363,1782,907,2318,1782,661,387,1188,1784
MEM,Memphis Grizzlies,2004,19880,447,1314,2516,5343,1557,2143,1047,2381,1915,795,565,1226,1903
BOS,Boston Celtics,2004,19705,553,1599,2290,4816,1572,2095,851,2440,1683,770,331,1332,1837
LAC,Los Angeles Clippers,2004,19805,329,1024,2488,5555,1808,2302,1149,2416,1653,594,376,1344,1816
MIN,Minnesota Timberwolves,2004,19755,326,897,2707,5674,1361,1743,875,2645,1890,561,462,1043,1731
PHO,Phoenix Suns,2004,19730,415,1202,2543,5469,1392,1865,924,2406,1586,734,383,1249,1862
ORL,Orlando Magic,2004,19830,429,1248,2475,5520,1474,2000,1003,2350,1584,547,308,1123,1744
GSW,Golden State Warriors,2004,19855,429,1283,2446,5228,1470,2028,1002,2533,1681,576,389,1211,1691
CLE,Cleveland Cavaliers,2004,19855,247,786,2675,5967,1528,2030,1118,2619,1808,585,537,1216,1743
ATL,Atlanta Hawks,2004,19905,419,1249,2410,5280,1534,1976,996,2507,1648,627,408,1350,1826
NYK,New York Knicks,2004,19880,406,1115,2475,5398,1374,1732,950,2543,1695,608,391,1289,1897
NOH,New Orleans Hornets,2004,19830,531,1666,2241,4939,1454,1937,1091,2418,1716,708,346,1228,1715
WAS,Washington Wizards,2004,19830,433,1269,2325,5287,1579,2211,1115,2392,1537,733,406,1439,1712
SAS,San Antonio Spurs,2004,19755,408,1140,2434,5294,1409,2069,1029,2669,1676,661,537,1203,1667
IND,Indiana Pacers,2004,19805,449,1281,2304,5041,1538,2014,965,2452,1774,726,411,1182,1709
POR,Portland Trail Blazers,2004,19980,381,1102,2517,5365,1263,1728,1040,2376,1768,613,443,1213,1554
MIA,Miami Heat,2004,19755,485,1357,2244,5060,1459,1915,940,2459,1565,590,313,1137,1812
NJN,New Jersey Nets,2004,19705,377,1123,2436,5249,1398,1856,862,2473,2009,709,322,1209,1722
DET,Detroit Pistons,2004,19780,333,968,2414,5346,1561,2074,1014,2492,1702,659,570,1241,1664
HOU,Houston Rockets,2004,19930,515,1406,2223,4789,1371,1774,847,2647,1579,560,443,1373,1762
CHI,Chicago Bulls,2004,19830,429,1256,2369,5497,1330,1834,1048,2519,1793,659,396,1321,1911
UTA,Utah Jazz,2004,19780,252,786,2438,5386,1639,2196,1103,2272,1671,583,494,1365,2096
PHI,Philadelphia 76ers,2004,19855,339,992,2343,5268,1512,2009,941,2408,1640,654,358,1307,1701
TOR,Toronto Raptors,2004,19980,461,1294,2193,5054,1237,1650,830,2419,1574,604,402,1164,1748
PHO,Phoenix Suns,2005,19780,796,2026,2555,4992,1556,2080,967,2652,1927,572,453,1125,1563
SAC,Sacramento Kings,2005,19855,522,1396,2681,5582,1577,2004,1023,2455,2005,674,316,1073,1685
DAL,Dallas Mavericks,2005,19730,463,1273,2595,5418,1826,2314,990,2530,1610,708,461,1102,1827
MIA,Miami Heat,2005,19980,475,1260,2622,5108,1658,2466,887,2639,1790,528,474,1127,1814
BOS,Boston Celtics,2005,19880,437,1252,2609,5259,1775,2323,909,2438,1810,667,423,1297,2000
WAS,Washington Wizards,2005,19780,514,1498,2452,5296,1795,2476,1133,2374,1563,716,347,1172,1807
TOR,Toronto Raptors,2005,19805,648,1681,2304,4975,1626,2101,844,2444,1670,621,317,1087,1876
DEN,Denver Nuggets,2005,19755,320,940,2718,5675,1765,2313,967,2473,1958,750,489,1224,1878
ORL,Orlando Magic,2005,19705,320,916,2714,5763,1772,2335,1038,2544,1583,633,441,1322,1937
PHI,Philadelphia 76ers,2005,19855,505,1453,2441,5283,1731,2194,909,2536,1710,756,321,1274,1878
SEA,Seattle SuperSonics,2005,19755,666,1824,2216,4674,1683,2131,1041,2311,1487,553,338,1113,1944
LAL,Los Angeles Lakers,2005,19780,644,1813,2251,4816,1661,2137,1028,2511,1672,508,344,1176,1794
GSW,Golden State Warriors,2005,19905,624,1774,2405,5265,1412,1955,1069,2436,1811,642,420,1112,1833
NYK,New York Knicks,2005,19880,441,1240,2537,5359,1580,2060,965,2393,1665,629,260,1204,1942
MIL,Milwaukee Bucks,2005,19780,325,925,2639,5655,1720,2229,985,2405,1720,529,289,1132,1797
MIN,Minnesota Timberwolves,2005,19755,395,1145,2650,5484,1449,1820,947,2580,1918,460,447,1079,1774
CLE,Cleveland Cavaliers,2005,19855,300,904,2690,5783,1634,2174,1117,2352,1851,654,461,1141,1850
SAS,San Antonio Spurs,2005,19805,507,1395,2416,5055,1535,2120,987,2489,1771,613,543,1126,1717
LAC,Los Angeles Clippers,2005,20030,231,669,2693,5699,1770,2274,980,2455,1901,599,422,1290,1819
HOU,Houston Rockets,2005,19855,553,1521,2293,4898,1551,1986,874,2601,1733,563,378,1135,1807
CHI,Chicago Bulls,2005,19830,511,1433,2338,5159,1536,2048,1001,2591,1743,576,369,1371,2028
CHA,Charlotte Bobcats,2005,19880,320,881,2641,5978,1487,2096,1083,2335,1794,695,440,1192,1894
MEM,Memphis Grizzlies,2005,19705,531,1486,2271,4785,1526,2024,887,2307,1716,699,476,1197,1910
DET,Detroit Pistons,2005,19955,363,1053,2488,5368,1588,2150,1054,2507,1787,576,497,1133,1638
IND,Indiana Pacers,2005,19905,542,1575,2126,4594,1748,2206,868,2418,1489,615,357,1173,1890
UTA,Utah Jazz,2005,19780,250,762,2578,5539,1719,2272,1047,2243,1826,541,374,1292,2189
POR,Portland Trail Blazers,2005,19730,420,1161,2476,5261,1409,1944,970,2404,1722,583,544,1308,1703
ATL,Atlanta Hawks,2005,19855,304,973,2638,5699,1417,1994,1100,2335,1614,629,344,1319,2009
NJN,New Jersey Nets,2005,19905,435,1203,2318,5216,1555,2039,855,2387,1772,650,308,1164,1985
NOH,New Orleans Hornets,2005,19930,415,1316,2303,5240,1401,1830,1019,2281,1724,550,310,1217,1883
PHO,Phoenix Suns,2006,19955,837,2097,2593,5070,1189,1475,778,2650,2179,549,412,1088,1683
SEA,Seattle SuperSonics,2006,19830,605,1631,2472,5080,1652,2104,1013,2233,1696,622,306,1208,1933
WAS,Washington Wizards,2006,19830,497,1394,2478,5262,1889,2496,1035,2344,1523,658,339,1143,1855
TOR,Toronto Raptors,2006,19955,608,1620,2405,5019,1653,2089,864,2291,1593,529,272,1071,1965
DEN,Denver Nuggets,2006,19930,350,1076,2728,5596,1721,2312,903,2486,1921,698,463,1216,1863
MIA,Miami Heat,2006,19755,497,1441,2542,4914,1616,2310,858,2675,1692,522,442,1186,1871
LAL,Los Angeles Lakers,2006,19855,552,1583,2440,5024,1618,2172,970,2488,1734,628,350,1143,1894
PHI,Philadelphia 76ers,2006,19905,375,1031,2626,5515,1770,2330,873,2425,1653,651,404,1159,1712
DAL,Dallas Mavericks,2006,19880,416,1113,2532,5262,1818,2322,1030,2431,1473,593,488,1112,1834
SAC,Sacramento Kings,2006,19830,494,1408,2460,5092,1704,2173,852,2473,1825,608,299,1199,1672
GSW,Golden State Warriors,2006,19830,625,1832,2314,4953,1573,2190,980,2485,1694,604,357,1156,1941
BOS,Boston Celtics,2006,19880,467,1290,2484,5032,1664,2204,813,2432,1716,578,422,1359,2033
MIL,Milwaukee Bucks,2006,19855,507,1335,2469,5231,1561,2115,929,2448,1769,597,270,1197,1902
CHI,Chicago Bulls,2006,19905,560,1477,2444,5260,1452,1967,906,2602,1804,508,345,1224,2038
CLE,Cleveland Cavaliers,2006,19830,497,1465,2411,4947,1689,2318,959,2511,1560,567,392,1137,1733
ATL,Atlanta Hawks,2006,19880,424,1154,2522,5342,1656,2207,1069,2232,1625,587,394,1284,2054
LAC,Los Angeles Clippers,2006,19805,290,843,2703,5600,1694,2142,828,2704,1708,534,503,1185,1872
CHA,Charlotte Bobcats,2006,19905,428,1261,2533,5582,1593,2186,990,2270,1717,822,354,1167,1960
DET,Detroit Pistons,2006,19830,557,1451,2426,5107,1418,1950,975,2347,1971,580,490,931,1513
NYK,New York Knicks,2006,19930,320,884,2502,5322,1878,2587,1034,2360,1468,555,271,1449,2157
SAS,San Antonio Spurs,2006,19805,524,1362,2469,4980,1327,1891,851,2548,1717,543,467,1126,1714
ORL,Orlando Magic,2006,19905,299,796,2612,5371,1663,2277,892,2402,1495,532,362,1240,1908
IND,Indiana Pacers,2006,19730,536,1536,2250,4738,1591,2158,898,2559,1631,598,409,1254,1821
NJN,New Jersey Nets,2006,19780,477,1447,2301,4870,1658,2187,822,2539,1884,558,278,1119,1903
NOK,New Orleans/Oklahoma City Hornets,2006,19805,300,885,2531,5543,1649,2176,918,2379,1519,611,311,1095,1786
UTA,Utah Jazz,2006,19880,311,925,2433,5282,1774,2466,1071,2380,1772,524,492,1290,2032
MEM,Memphis Grizzlies,2006,19855,590,1578,2156,4547,1476,2077,834,2379,1586,600,442,1134,1757
MIN,Minnesota Timberwolves,2006,19855,310,942,2578,5398,1436,1895,811,2422,1716,559,471,1189,1889
HOU,Houston Rockets,2006,19830,469,1414,2239,4838,1502,1980,849,2565,1580,588,320,1193,1863
POR,Portland Trail Blazers,2006,19730,364,1042,2427,5225,1339,1944,886,2203,1490,529,435,1205,1828
PHO,Phoenix Suns,2007,19905,785,1965,2603,4890,1476,1827,737,2583,2122,553,394,1189,1659
GSW,Golden State Warriors,2007,19755,700,1967,2561,5081,1515,2113,940,2456,1950,750,466,1309,1933
DEN,Denver Nuggets,2007,19780,484,1440,2680,5365,1827,2449,1001,2558,1920,678,435,1352,1756
WAS,Washington Wizards,2007,19830,561,1614,2509,5206,1855,2425,998,2379,1660,635,375,1133,1823
LAL,Los Angeles Lakers,2007,20030,608,1724,2495,4940,1660,2221,886,2495,1850,600,421,1273,1889
MEM,Memphis Grizzlies,2007,19980,500,1362,2498,5086,1835,2410,866,2375,1680,564,407,1343,1827
UTA,Utah Jazz,2007,19805,354,1056,2715,5415,1830,2462,1030,2456,2024,577,339,1277,2067
SAC,Sacramento Kings,2007,19805,530,1513,2411,5019,1891,2473,797,2396,1665,671,265,1194,1792
DAL,Dallas Mavericks,2007,19755,535,1404,2475,5038,1646,2045,920,2515,1632,560,408,1140,1837
MIL,Milwaukee Bucks,2007,19855,524,1472,2597,5242,1406,1919,941,2272,1771,587,224,1240,1821
TOR,Toronto Raptors,2007,19755,531,1464,2501,5083,1562,1982,755,2480,1822,581,321,1104,1672
SEA,Seattle SuperSonics,2007,19830,525,1451,2522,5177,1511,1911,928,2322,1695,631,301,1268,1801
CHI,Chicago Bulls,2007,19780,480,1237,2566,5426,1528,2083,984,2597,1832,639,445,1310,1908
SAS,San Antonio Spurs,2007,19780,595,1561,2404,4767,1486,1980,761,2577,1814,587,417,1137,1588
NJN,New Jersey Nets,2007,19880,609,1676,2304,4703,1566,2153,822,2525,1962,499,273,1212,1869
NYK,New York Knicks,2007,20005,474,1370,2429,4986,1714,2396,1032,2516,1532,543,260,1405,1932
HOU,Houston Rockets,2007,19855,705,1893,2201,4635,1436,1906,880,2673,1704,583,337,1162,1710
CHA,Charlotte Bobcats,2007,20005,457,1280,2503,5363,1568,2136,920,2346,1836,638,369,1224,1985
CLE,Cleveland Cavaliers,2007,19880,494,1404,2484,5254,1484,2133,1039,2529,1708,625,353,1177,1781
MIN,Minnesota Timberwolves,2007,20005,384,1089,2613,5414,1499,1892,819,2474,1848,532,325,1278,1758
DET,Detroit Pistons,2007,19880,449,1305,2493,5179,1539,1988,948,2374,1768,583,472,1001,1672
BOS,Boston Celtics,2007,19855,471,1283,2387,5171,1670,2178,918,2391,1630,589,382,1350,1971
LAC,Los Angeles Clippers,2007,19730,314,903,2566,5415,1769,2245,888,2484,1762,596,472,1239,1858
IND,Indiana Pacers,2007,19780,481,1389,2391,5172,1615,2125,990,2441,1680,599,447,1335,1912
NOK,New Orleans/Oklahoma City Hornets,2007,19880,455,1256,2516,5418,1436,1941,1025,2512,1537,522,347,1187,1620
PHI,Philadelphia 76ers,2007,19880,284,823,2648,5585,1637,2135,899,2353,1669,590,390,1258,1671
ORL,Orlando Magic,2007,19780,342,962,2533,5128,1679,2393,920,2418,1525,565,416,1392,1904
MIA,Miami Heat,2007,19855,528,1539,2391,4749,1393,2019,817,2526,1681,566,442,1201,1749
POR,Portland Trail Blazers,2007,19955,426,1232,2448,5160,1543,2006,923,2299,1513,555,380,1236,1931
ATL,Atlanta Hawks,2007,19880,341,1038,2490,5334,1677,2203,976,2312,1573,609,446,1306,1970
GSW,Golden State Warriors,2008,19780,761,2185,2642,5221,1538,2044,1045,2496,1833,744,377,1082,1875
DEN,Denver Nuggets,2008,19855,569,1605,2738,5433,1891,2519,918,2698,2024,752,551,1203,1731
PHO,Phoenix Suns,2008,19780,694,1764,2698,5018,1548,1977,720,2683,2188,532,518,1184,1633
LAL,Los Angeles Lakers,2008,19780,662,1751,2586,5067,1746,2270,898,2722,2003,654,438,1156,1691
UTA,Utah Jazz,2008,19705,407,1095,2872,5497,1745,2298,942,2410,2165,717,355,1200,1970
ORL,Orlando Magic,2008,19780,801,2074,2257,4372,1650,2288,768,2677,1706,520,333,1173,1688
IND,Indiana Pacers,2008,19755,755,2021,2347,4972,1568,2042,904,2633,1864,623,412,1236,1921
SAC,Sacramento Kings,2008,19830,510,1367,2533,5191,1812,2272,829,2456,1567,651,334,1317,1839
NOH,New Orleans Hornets,2008,19805,630,1621,2534,5175,1312,1707,937,2494,1785,637,321,974,1531
MEM,Memphis Grizzlies,2008,19805,620,1779,2440,4958,1517,2097,848,2567,1574,503,386,1251,1592
BOS,Boston Celtics,2008,19755,596,1564,2390,4722,1677,2176,830,2615,1833,696,379,1246,1864
DAL,Dallas Mavericks,2008,19730,494,1403,2531,5112,1690,2075,883,2643,1720,490,402,1037,1786
TOR,Toronto Raptors,2008,19830,572,1459,2576,5267,1347,1658,790,2496,1953,570,336,959,1596
WAS,Washington Wizards,2008,19905,575,1614,2411,5081,1557,1991,1007,2404,1607,632,391,1082,1606
ATL,Atlanta Hawks,2008,19855,384,1078,2591,5474,1720,2227,1008,2454,1804,600,448,1223,1673
SEA,Seattle SuperSonics,2008,19830,313,939,2812,6093,1436,1866,971,2688,1748,531,400,1310,1680
DET,Detroit Pistons,2008,19730,487,1330,2512,5221,1507,1965,974,2423,1831,583,472,956,1688
CHI,Chicago Bulls,2008,19805,474,1305,2513,5556,1533,2029,1050,2478,1811,635,429,1197,1784
CHA,Charlotte Bobcats,2008,19880,529,1443,2431,5111,1510,2115,892,2440,1748,614,402,1204,1777
MIL,Milwaukee Bucks,2008,19855,452,1313,2574,5432,1452,1980,1055,2363,1760,544,361,1210,1748
NYK,New York Knicks,2008,19880,490,1454,2477,5303,1524,2095,1029,2457,1530,521,213,1187,1761
HOU,Houston Rockets,2008,19730,583,1707,2420,4991,1342,1848,1002,2659,1757,598,420,1125,1609
PHI,Philadelphia 76ers,2008,19755,302,952,2754,5696,1509,2137,1067,2370,1673,712,400,1172,1620
CLE,Cleveland Cavaliers,2008,19855,552,1544,2385,5153,1477,2061,1092,2563,1640,579,427,1145,1712
NJN,New Jersey Nets,2008,19830,498,1430,2358,5020,1647,2237,913,2520,1925,521,390,1229,1855
MIN,Minnesota Timberwolves,2008,19730,441,1259,2635,5558,1246,1693,964,2428,1630,616,306,1188,1885
POR,Portland Trail Blazers,2008,19905,538,1426,2397,5120,1412,1841,901,2438,1733,455,360,1056,1642
SAS,San Antonio Spurs,2008,19730,594,1610,2344,4814,1350,1774,771,2612,1718,521,337,1035,1537
LAC,Los Angeles Clippers,2008,19805,350,1079,2470,5366,1702,2178,800,2491,1732,557,398,1180,1745
MIA,Miami Heat,2008,19830,491,1373,2317,4963,1384,1903,743,2342,1644,589,355,1202,1670
PHO,Phoenix Suns,2009,19755,553,1445,2820,5250,1675,2251,900,2520,1905,589,420,1288,1691
GSW,Golden State Warriors,2009,19880,550,1475,2681,5580,1893,2392,953,2492,1711,638,527,1201,1842
LAL,Los Angeles Lakers,2009,19780,547,1516,2760,5465,1607,2087,1015,2587,1908,718,420,1103,1698
NYK,New York Knicks,2009,19805,823,2284,2334,4807,1490,1900,911,2545,1738,610,204,1174,1672
IND,Indiana Pacers,2009,19830,652,1725,2568,5355,1525,1890,924,2661,1775,573,434,1189,1895
DEN,Denver Nuggets,2009,19730,548,1477,2510,5033,1891,2487,905,2507,1820,710,492,1257,1874
UTA,Utah Jazz,2009,19880,392,1122,2751,5501,1814,2352,940,2423,2024,719,374,1210,1830
CHI,Chicago Bulls,2009,19930,493,1293,2633,5553,1633,2052,970,2481,1732,615,453,1192,1709
DAL,Dallas Mavericks,2009,19805,571,1632,2557,5138,1516,1852,909,2595,1779,591,429,1043,1600
ORL,Orlando Magic,2009,19730,817,2147,2112,4269,1611,2253,819,2728,1593,570,439,1142,1664
BOS,Boston Celtics,2009,19880,538,1355,2537,4978,1587,2075,869,2586,1862,621,387,1280,1897
SAC,Sacramento Kings,2009,19905,586,1594,2404,5091,1682,2107,840,2366,1619,569,349,1266,1910
CLE,Cleveland Cavaliers,2009,19780,656,1670,2366,4784,1523,2012,886,2574,1663,593,435,1045,1663
POR,Portland Trail Blazers,2009,19830,596,1555,2422,4939,1521,1988,1060,2360,1667,550,402,1055,1671
MIL,Milwaukee Bucks,2009,19780,511,1408,2498,5347,1613,2067,973,2367,1802,609,308,1154,1986
TOR,Toronto Raptors,2009,19805,479,1289,2575,5384,1534,1861,802,2513,1835,523,390,1098,1593
HOU,Houston Rockets,2009,19805,621,1656,2338,4870,1531,1903,862,2662,1662,548,355,1158,1553
MIA,Miami Heat,2009,19955,582,1631,2452,5015,1411,1871,828,2411,1671,651,451,1026,1696
ATL,Atlanta Hawks,2009,19705,597,1633,2359,4818,1537,2085,870,2412,1657,603,376,1048,1610
NJN,New Jersey Nets,2009,19830,652,1735,2273,4801,1542,1980,850,2415,1636,559,391,1075,1838
MIN,Minnesota Timberwolves,2009,19805,543,1539,2443,5227,1504,1957,975,2442,1674,512,322,1165,1785
PHI,Philadelphia 76ers,2009,19755,341,1072,2656,5460,1652,2216,1039,2336,1647,658,415,1157,1650
SAS,San Antonio Spurs,2009,19905,625,1620,2417,4914,1249,1641,728,2638,1736,474,329,963,1546
OKC,Oklahoma City Thunder,2009,19805,328,949,2671,5767,1626,2069,999,2497,1663,608,371,1330,1655
WAS,Washington Wizards,2009,19705,395,1198,2599,5457,1494,1948,956,2330,1641,619,365,1146,1679
NOH,New Orleans Hornets,2009,19755,556,1526,2355,4840,1479,1833,802,2453,1609,593,338,1029,1665
LAC,Los Angeles Clippers,2009,19880,535,1513,2420,5183,1354,1839,890,2377,1723,572,482,1221,1650
DET,Detroit Pistons,2009,19905,377,1079,2604,5480,1388,1849,949,2448,1689,493,377,973,1712
MEM,Memphis Grizzlies,2009,19805,398,1106,2467,5205,1570,2077,847,2337,1423,615,385,1252,1777
CHA,Charlotte Bobcats,2009,19930,490,1339,2376,4960,1455,1965,886,2366,1741,580,397,1279,1754
PHO,Phoenix Suns,2010,19730,730,1770,2609,5018,1631,2117,910,2616,1912,479,418,1210,1713
GSW,Golden State Warriors,2010,19730,633,1687,2696,5407,1631,2085,753,2397,1839,761,340,1204,1886
DEN,Denver Nuggets,2010,19780,544,1517,2580,5161,1937,2508,889,2505,1719,683,417,1136,1844
UTA,Utah Jazz,2010,19755,439,1207,2788,5368,1654,2233,872,2588,2187,675,400,1246,1859
TOR,Toronto Raptors,2010,19780,518,1397,2681,5234,1618,2118,806,2507,1804,469,384,1100,1819
ORL,Orlando Magic,2010,19730,841,2241,2164,4153,1575,2176,810,2736,1615,512,456,1155,1629
MEM,Memphis Grizzlies,2010,19905,344,1020,2879,5855,1614,2202,1070,2496,1543,645,399,1248,1655
HOU,Houston Rockets,2010,19905,646,1838,2448,5085,1561,2022,971,2471,1790,583,318,1188,1712
NYK,New York Knicks,2010,19880,743,2145,2384,4731,1376,1759,836,2477,1772,586,305,1148,1638
CLE,Cleveland Cavaliers,2010,19780,602,1582,2499,4809,1569,2180,791,2692,1835,564,425,1137,1591
DAL,Dallas Mavericks,2010,19880,558,1498,2582,5262,1526,1870,834,2586,1917,624,449,1059,1563
LAL,Los Angeles Lakers,2010,19830,532,1562,2612,5313,1519,1985,973,2662,1730,612,400,1096,1592
ATL,Atlanta Hawks,2010,19855,524,1455,2657,5346,1452,1914,969,2451,1789,592,413,980,1632
OKC,Oklahoma City Thunder,2010,19805,418,1229,2645,5400,1778,2210,960,2607,1639,654,481,1227,1743
SAS,San Antonio Spurs,2010,19780,554,1547,2596,5112,1458,1969,887,2621,1829,516,381,1116,1669
IND,Indiana Pacers,2010,19705,659,1896,2361,4927,1564,2019,785,2618,1730,585,439,1232,1848
NOH,New Orleans Hornets,2010,19830,571,1572,2607,5270,1293,1661,852,2450,1828,625,300,1103,1606
SAC,Sacramento Kings,2010,19880,482,1383,2662,5512,1430,1969,977,2518,1679,564,366,1226,1827
BOS,Boston Celtics,2010,19780,499,1433,2540,4861,1559,2090,716,2449,1930,701,402,1219,1816
MIN,Minnesota Timberwolves,2010,19780,403,1181,2703,5742,1436,1926,962,2556,1626,597,306,1333,1699
POR,Portland Trail Blazers,2010,19855,491,1388,2483,5065,1606,2033,913,2383,1674,523,350,1012,1715
PHI,Philadelphia 76ers,2010,19805,474,1381,2613,5325,1366,1808,941,2421,1723,667,439,1192,1677
MIL,Milwaukee Bucks,2010,19980,645,1813,2405,5185,1264,1675,965,2560,1740,580,385,1085,1823
CHI,Chicago Bulls,2010,19905,352,1066,2729,5759,1479,1962,937,2715,1704,531,478,1175,1648
MIA,Miami Heat,2010,19880,494,1426,2490,5092,1452,1931,875,2553,1548,605,457,1079,1710
WAS,Washington Wizards,2010,19830,432,1225,2576,5475,1444,1895,966,2458,1557,493,421,1219,1752
LAC,Los Angeles Clippers,2010,19705,483,1457,2519,5144,1362,1867,927,2502,1810,532,466,1285,1581
CHA,Charlotte Bobcats,2010,19880,460,1331,2398,4975,1637,2180,858,2490,1658,632,446,1290,1597
DET,Detroit Pistons,2010,19780,374,1190,2566,5412,1455,1998,1053,2242,1591,596,313,1100,1822
NJN,New Jersey Nets,2010,19780,377,1185,2436,5369,1572,2015,897,2358,1540,573,393,1182,1643
DEN,Denver Nuggets,2011,19705,662,1704,2483,4909,1859,2429,791,2652,1813,605,352,1157,1719
NYK,New York Knicks,2011,19780,765,2081,2375,4786,1689,2087,847,2470,1757,625,475,1123,1743
HOU,Houston Rockets,2011,19880,677,1843,2493,5132,1668,2083,962,2549,1955,581,371,1110,1641
PHO,Phoenix Suns,2011,20005,701,1857,2518,4987,1472,1939,821,2478,1945,545,357,1169,1666
OKC,Oklahoma City Thunder,2011,20005,487,1403,2579,5206,1977,2401,903,2604,1672,654,487,1156,1836
SAS,San Antonio Spurs,2011,19780,685,1727,2463,4901,1521,1984,829,2603,1836,602,372,1101,1556
GSW,Golden State Warriors,2011,19830,685,1749,2566,5298,1290,1695,955,2370,1847,737,406,1198,1806
MIA,Miami Heat,2011,19780,547,1479,2484,4822,1760,2288,790,2666,1639,544,430,1142,1674
LAL,Los Angeles Lakers,2011,19830,524,1487,2604,5270,1541,1979,989,2616,1801,602,422,1073,1555
MIN,Minnesota Timberwolves,2011,19780,589,1565,2501,5449,1519,1977,1085,2556,1650,592,422,1398,1825
DAL,Dallas Mavericks,2011,19705,645,1768,2424,4695,1437,1850,780,2618,1954,557,352,1145,1575
MEM,Memphis Grizzlies,2011,19880,309,926,2891,5875,1486,1981,970,2391,1691,771,441,1145,1705
IND,Indiana Pacers,2011,19780,585,1653,2418,5134,1592,2035,914,2657,1611,584,456,1262,1782
UTA,Utah Jazz,2011,19880,435,1256,2629,5334,1590,2061,898,2338,1921,629,484,1175,1865
SAC,Sacramento Kings,2011,19855,428,1277,2706,5702,1455,1981,1071,2526,1675,608,391,1324,1805
ORL,Orlando Magic,2011,19830,770,2103,2186,4308,1453,2101,864,2679,1636,548,384,1224,1640
TOR,Toronto Raptors,2011,19780,345,1091,2799,5664,1491,1976,963,2343,1795,581,350,1206,1807
PHI,Philadelphia 76ers,2011,19930,443,1248,2682,5528,1426,1851,850,2578,1861,621,355,1063,1592
LAC,Los Angeles Clippers,2011,19855,513,1519,2502,5075,1546,2187,955,2501,1813,585,402,1343,1733
CHI,Chicago Bulls,2011,19830,511,1415,2531,5172,1492,2008,967,2654,1827,592,468,1161,1639
WAS,Washington Wizards,2011,19930,392,1182,2656,5706,1489,1999,1013,2374,1592,665,502,1258,1850
DET,Detroit Pistons,2011,19880,472,1256,2584,5391,1367,1854,931,2236,1730,595,328,1067,1629
BOS,Boston Celtics,2011,19780,408,1119,2615,5100,1459,1895,639,2542,1921,676,344,1195,1678
POR,Portland Trail Blazers,2011,19805,518,1503,2433,5096,1476,1835,996,2230,1736,660,358,1070,1585
CLE,Cleveland Cavaliers,2011,19755,509,1489,2377,5158,1546,2075,856,2449,1720,544,341,1166,1648
ATL,Atlanta Hawks,2011,19730,502,1427,2469,5002,1346,1728,762,2460,1802,497,341,1118,1554
NOH,New Orleans Hornets,2011,19830,444,1232,2500,5184,1452,1897,824,2468,1691,624,359,1069,1719
NJN,New Jersey Nets,2011,20005,459,1337,2459,5301,1427,1881,909,2440,1723,458,384,1152,1807
CHA,Charlotte Bobcats,2011,19805,393,1203,2480,5162,1511,1999,848,2444,1728,524,433,1192,1637
MIL,Milwaukee Bucks,2011,19830,483,1414,2331,5130,1423,1881,862,2480,1545,617,399,1103,1682
DEN,Denver Nuggets,2012,16040,435,1311,2137,4093,1293,1760,738,2105,1581,540,330,1015,1297
SAS,San Antonio Spurs,2012,15940,552,1405,2059,4058,1067,1427,683,2153,1528,490,293,895,1143
OKC,Oklahoma City Thunder,2012,15990,472,1317,1990,3912,1406,1744,726,2157,1224,498,539,1079,1352
UTA,Utah Jazz,2012,16165,273,845,2250,4686,1258,1668,861,2055,1439,545,385,936,1441
MIL,Milwaukee Bucks,2012,15865,436,1265,2066,4387,1095,1415,820,1983,1550,548,335,929,1273
SAC,Sacramento Kings,2012,15915,411,1301,2079,4411,1127,1532,882,1947,1271,561,323,952,1287
MIA,Miami Heat,2012,16040,370,1030,2076,4182,1238,1598,686,2060,1317,585,355,1002,1282
PHO,Phoenix Suns,2012,15840,444,1295,2051,4150,1058,1397,717,2035,1486,431,366,928,1233
HOU,Houston Rockets,2012,16065,478,1330,2011,4213,1018,1301,769,2014,1404,496,319,955,1347
MIN,Minnesota Timberwolves,2012,15940,473,1423,1882,4011,1281,1662,797,2089,1290,436,293,1001,1212
NYK,New York Knicks,2012,15940,517,1538,1848,3797,1211,1634,743,2012,1328,622,276,1056,1391
GSW,Golden State Warriors,2012,15915,524,1351,1965,4092,951,1235,640,1947,1470,528,362,915,1410
IND,Indiana Pacers,2012,15990,392,1064,1962,4311,1349,1724,826,2070,1228,523,357,925,1430
LAC,Los Angeles Clippers,2012,15965,514,1441,1925,3925,1046,1538,800,1943,1385,556,315,879,1399
LAL,Los Angeles Lakers,2012,16065,362,1112,2067,4207,1202,1589,799,2251,1485,390,351,997,1109
POR,Portland Trail Blazers,2012,15965,478,1382,1924,4035,1133,1423,735,1949,1349,528,322,935,1251
ATL,Atlanta Hawks,2012,16165,492,1330,1937,4018,1025,1385,652,2066,1481,536,303,921,1178
CHI,Chicago Bulls,2012,15940,419,1117,2048,4345,1006,1394,915,2165,1527,456,388,923,1139
DAL,Dallas Mavericks,2012,16065,497,1464,1901,3948,1029,1334,665,2157,1380,565,337,926,1226
MEM,Memphis Grizzlies,2012,15940,277,849,2148,4573,1142,1504,831,1944,1290,631,345,955,1316
ORL,Orlando Magic,2012,15965,670,1785,1605,3377,995,1508,742,2060,1321,451,275,984,1168
WAS,Washington Wizards,2012,15865,344,1075,2070,4400,1008,1386,775,1975,1262,527,417,1008,1405
PHI,Philadelphia 76ers,2012,15915,349,963,2122,4553,889,1198,704,2144,1453,526,340,738,1157
NJN,New Jersey Nets,2012,15890,507,1481,1755,3839,1113,1433,783,1879,1311,493,260,995,1268
CLE,Cleveland Cavaliers,2012,15965,440,1273,1821,4087,1178,1645,841,1949,1308,466,262,1017,1317
BOS,Boston Celtics,2012,15940,363,988,1978,4098,1017,1308,509,2051,1557,498,362,979,1315
DET,Detroit Pistons,2012,15965,317,916,1974,4316,1098,1461,775,1882,1232,460,278,1033,1293
TOR,Toronto Raptors,2012,15965,365,1075,1903,4079,1085,1410,697,2074,1382,429,321,1001,1532
NOH,New Orleans Hornets,2012,15940,259,777,2041,4326,1057,1397,724,1991,1368,488,316,1024,1324
CHA,Charlotte Bobcats,2012,15890,263,892,1930,4401,1090,1462,677,1894,1326,397,361,957,1249
DEN,Denver Nuggets,2013,19905,521,1518,2818,5465,1505,2148,1092,2601,2002,762,533,1253,1682
HOU,Houston Rockets,2013,19780,867,2369,2257,4413,1573,2087,909,2652,1902,679,359,1348,1662
OKC,Oklahoma City Thunder,2013,19830,598,1588,2528,4916,1819,2196,854,2725,1753,679,624,1253,1654
SAS,San Antonio Spurs,2013,19880,663,1764,2547,4911,1365,1725,666,2721,2058,695,446,1206,1427
MIA,Miami Heat,2013,19880,717,1809,2431,4539,1423,1887,676,2490,1890,710,441,1143,1533
LAL,Los Angeles Lakers,2013,19755,715,2015,2326,4625,1584,2289,942,2732,1818,576,429,1232,1467
GSW,Golden State Warriors,2013,19805,658,1632,2472,5208,1378,1744,885,2801,1845,567,346,1236,1753
DAL,Dallas Mavericks,2013,19980,606,1628,2576,5264,1323,1669,767,2670,1906,648,454,1144,1698
LAC,Los Angeles Clippers,2013,19730,627,1752,2533,4856,1342,1888,938,2475,1958,784,461,1197,1716
SAC,Sacramento Kings,2013,19830,610,1681,2476,5223,1437,1869,943,2385,1708,671,342,1199,1717
NYK,New York Knicks,2013,19730,891,2371,2105,4318,1313,1729,890,2436,1579,672,294,988,1650
MIL,Milwaukee Bucks,2013,19830,601,1670,2527,5527,1251,1700,1068,2537,1876,685,550,1156,1554
UTA,Utah Jazz,2013,19880,507,1385,2539,5325,1439,1883,989,2457,1859,690,515,1210,1750
ATL,Atlanta Hawks,2013,19855,706,1901,2378,4743,1158,1619,758,2593,2007,664,369,1219,1473
POR,Portland Trail Blazers,2013,19855,673,1904,2336,4811,1304,1680,874,2474,1784,538,353,1203,1518
TOR,Toronto Raptors,2013,19980,571,1665,2408,5020,1442,1831,871,2426,1765,595,392,1124,1836
BRK,Brooklyn Nets,2013,19855,628,1760,2314,4784,1432,1958,1047,2460,1668,599,391,1206,1500
CLE,Cleveland Cavaliers,2013,19730,547,1581,2446,5320,1380,1826,1004,2359,1694,647,334,1149,1737
MIN,Minnesota Timberwolves,2013,19730,450,1475,2493,5227,1515,2042,973,2473,1836,700,387,1214,1509
BOS,Boston Celtics,2013,19840,498,1390,2503,5069,1318,1698,654,2533,1843,667,365,1181,1717
PHO,Phoenix Suns,2013,19805,480,1455,2581,5462,1203,1618,959,2454,1855,659,434,1278,1688
DET,Detroit Pistons,2013,19805,513,1440,2466,5198,1307,1870,991,2463,1742,574,400,1241,1623
ORL,Orlando Magic,2013,19780,506,1537,2587,5367,1026,1359,890,2612,1871,528,358,1191,1591
NOH,New Orleans Hornets,2013,19780,535,1474,2420,5115,1269,1636,988,2426,1721,520,440,1193,1673
IND,Indiana Pacers,2013,19590,555,1599,2290,4926,1429,1915,1043,2671,1645,580,513,1227,1623
CHA,Charlotte Bobcats,2013,19805,469,1399,2354,5250,1546,2060,917,2389,1587,591,479,1153,1561
MEM,Memphis Grizzlies,2013,19805,382,1107,2582,5572,1349,1746,1059,2445,1715,703,436,1144,1660
WAS,Washington Wizards,2013,19855,545,1495,2365,5198,1279,1746,887,2652,1775,598,376,1238,1681
CHI,Chicago Bulls,2013,19830,446,1265,2480,5433,1343,1738,1026,2514,1886,588,417,1171,1617
PHI,Philadelphia 76ers,2013,19755,518,1438,2541,5457,1004,1377,896,2493,1867,609,384,1070,1505
LAC,Los Angeles Clippers,2014,19755,693,1966,2515,4795,1741,2384,858,2668,2016,703,397,1136,1767
HOU,Houston Rockets,2014,19830,779,2179,2339,4424,1814,2549,920,2797,1755,621,461,1323,1676
MIN,Minnesota Timberwolves,2014,19855,600,1757,2589,5418,1790,2301,1024,2644,1963,718,297,1142,1504
POR,Portland Trail Blazers,2014,19855,770,2071,2437,5063,1569,1926,1022,2786,1904,454,387,1125,1576
OKC,Oklahoma City Thunder,2014,19805,664,1839,2530,4943,1653,2052,887,2781,1794,678,501,1256,1858
SAS,San Antonio Spurs,2014,19755,698,1757,2628,5087,1289,1642,762,2786,2064,604,420,1180,1495
PHO,Phoenix Suns,2014,19755,765,2055,2407,4790,1520,2004,928,2601,1563,688,374,1258,1798
DAL,Dallas Mavericks,2014,19830,721,1877,2528,4981,1378,1733,840,2514,1935,704,356,1110,1636
DEN,Denver Nuggets,2014,19755,702,1959,2445,5083,1563,2154,1009,2717,1838,615,459,1305,1890
GSW,Golden State Warriors,2014,19830,774,2037,2462,4968,1303,1731,896,2819,1912,642,407,1247,1784
LAL,Los Angeles Lakers,2014,19705,774,2032,2365,4948,1390,1835,745,2620,2006,611,446,1239,1627
MIA,Miami Heat,2014,19880,665,1829,2477,4443,1431,1884,627,2397,1847,732,367,1212,1596
TOR,Toronto Raptors,2014,19955,713,1917,2279,4801,1608,2055,935,2552,1737,577,343,1159,1882
DET,Detroit Pistons,2014,19780,507,1580,2675,5544,1415,2111,1196,2525,1714,687,395,1193,1666
ATL,Atlanta Hawks,2014,19830,768,2116,2293,4572,1392,1782,713,2565,2041,680,326,1251,1577
WAS,Washington Wizards,2014,20055,647,1704,2530,5216,1253,1715,886,2573,1909,668,377,1204,1675
SAC,Sacramento Kings,2014,19830,491,1475,2535,5291,1698,2237,990,2656,1547,587,318,1249,1849
NOP,New Orleans Pelicans,2014,19855,486,1303,2615,5458,1489,1936,933,2486,1745,647,523,1129,1857
PHI,Philadelphia 76ers,2014,19855,577,1847,2531,5303,1362,1918,949,2556,1791,765,330,1384,1844
NYK,New York Knicks,2014,19855,759,2038,2268,4701,1271,1670,870,2437,1641,631,367,1063,1815
BRK,Brooklyn Nets,2014,19880,709,1922,2222,4469,1508,2002,721,2407,1714,705,311,1191,1777
CLE,Cleveland Cavaliers,2014,19930,584,1640,2452,5315,1398,1861,989,2629,1738,579,304,1163,1640
CHA,Charlotte Bobcats,2014,19905,516,1471,2460,5259,1474,2000,776,2724,1778,499,421,1010,1493
IND,Indiana Pacers,2014,19780,550,1542,2399,5031,1485,1907,834,2831,1651,550,446,1237,1675
ORL,Orlando Magic,2014,19955,563,1596,2459,5188,1307,1714,794,2654,1726,630,350,1222,1678
BOS,Boston Celtics,2014,19730,575,1729,2421,5154,1325,1706,980,2505,1726,584,343,1261,1743
MEM,Memphis Grizzlies,2014,19805,405,1147,2717,5576,1235,1666,950,2526,1792,631,375,1124,1568
MIL,Milwaukee Bucks,2014,19880,548,1553,2404,5184,1377,1843,971,2399,1760,541,403,1238,1713
UTA,Utah Jazz,2014,19780,543,1577,2408,5075,1346,1803,904,2477,1664,570,366,1200,1699
CHI,Chicago Bulls,2014,19930,508,1459,2335,5118,1486,1908,937,2683,1860,594,424,1223,1565
GSW,Golden State Warriors,2015,19730,883,2217,2527,4920,1313,1709,853,2814,2248,762,496,1185,1628
LAC,Los Angeles Clippers,2015,19730,827,2202,2401,4628,1468,2067,784,2711,2031,640,409,1012,1749
DAL,Dallas Mavericks,2015,19880,732,2082,2523,4954,1386,1843,858,2608,1846,663,371,1062,1644
TOR,Toronto Raptors,2015,19855,726,2060,2382,4769,1585,2014,881,2526,1701,615,357,1057,1712
OKC,Oklahoma City Thunder,2015,19830,632,1864,2552,5255,1524,2020,1052,2844,1681,598,454,1205,1829
HOU,Houston Rockets,2015,19805,933,2680,2099,4152,1525,2133,958,2624,1820,777,407,1366,1803
SAS,San Antonio Spurs,2015,19955,677,1847,2531,5007,1368,1754,806,2772,2000,657,444,1146,1564
CLE,Cleveland Cavaliers,2015,19780,826,2253,2263,4486,1453,1934,911,2612,1814,603,340,1171,1510
POR,Portland Trail Blazers,2015,19855,807,2231,2368,4818,1272,1589,879,2881,1799,525,372,1117,1494
ATL,Atlanta Hawks,2015,19730,818,2152,2303,4547,1349,1735,715,2611,2111,744,380,1167,1457
PHO,Phoenix Suns,2015,19880,698,2048,2480,4990,1343,1767,896,2643,1659,700,385,1238,1744
DEN,Denver Nuggets,2015,19880,660,2032,2439,5126,1462,1991,1012,2653,1788,641,367,1166,1882
BOS,Boston Celtics,2015,19880,660,2021,2533,5190,1266,1678,910,2685,2009,674,294,1133,1738
SAC,Sacramento Kings,2015,19855,461,1350,2549,5267,1829,2400,895,2728,1667,550,324,1333,1696
CHI,Chicago Bulls,2015,19880,645,1825,2356,4972,1618,2067,959,2792,1781,514,476,1145,1495
NOP,New Orleans Pelicans,2015,19780,586,1583,2522,5212,1345,1790,942,2621,1806,553,510,1087,1530
WAS,Washington Wizards,2015,19955,497,1381,2642,5409,1305,1758,862,2801,1969,601,378,1233,1707
DET,Detroit Pistons,2015,19830,703,2043,2338,4995,1292,1838,1051,2630,1771,623,383,1099,1559
LAL,Los Angeles Lakers,2015,19930,532,1546,2522,5474,1433,1935,952,2647,1715,578,366,1086,1741
MEM,Memphis Grizzlies,2015,19905,423,1246,2674,5517,1445,1869,856,2634,1777,700,347,1094,1567
BRK,Brooklyn Nets,2015,19930,541,1633,2528,5171,1359,1817,846,2627,1716,576,340,1133,1579
MIL,Milwaukee Bucks,2015,19930,545,1500,2538,5222,1312,1734,876,2574,1932,789,403,1373,1814
MIN,Minnesota Timberwolves,2015,19805,406,1223,2580,5597,1638,2110,949,2406,1771,668,327,1231,1571
IND,Indiana Pacers,2015,19855,612,1740,2386,5084,1373,1817,856,2822,1757,505,375,1147,1742
ORL,Orlando Magic,2015,19755,554,1598,2522,5194,1141,1565,822,2607,1692,647,314,1221,1714
UTA,Utah Jazz,2015,19705,610,1781,2290,4711,1391,1929,988,2617,1632,623,489,1256,1583
MIA,Miami Heat,2015,19730,556,1659,2329,4671,1438,1940,747,2461,1626,642,372,1214,1636
CHO,Charlotte Hornets,2015,19905,498,1566,2415,5366,1397,1867,820,2793,1654,499,448,976,1494
PHI,Philadelphia 76ers,2015,19805,692,2160,2073,4617,1320,1953,978,2536,1683,789,487,1453,1778
NYK,New York Knicks,2015,19855,560,1614,2322,5112,1211,1575,867,2443,1746,575,382,1206,1768
GSW,Golden State Warriors,2016,19880,1077,2592,2412,4567,1366,1790,816,2972,2373,689,498,1245,1701
OKC,Oklahoma City Thunder,2016,19830,678,1945,2694,5137,1616,2067,1071,2916,1883,603,487,1305,1691
SAC,Sacramento Kings,2016,19805,660,1839,2623,5244,1514,2089,868,2760,2009,733,368,1326,1676
HOU,Houston Rockets,2016,19830,878,2533,2216,4314,1671,2407,930,2601,1821,821,430,1307,1790
BOS,Boston Celtics,2016,19780,717,2142,2499,5176,1520,1929,950,2733,1981,752,348,1127,1796
POR,Portland Trail Blazers,2016,19805,864,2336,2303,4704,1424,1889,948,2782,1748,562,380,1200,1782
LAC,Los Angeles Clippers,2016,19830,797,2190,2344,4569,1490,2152,721,2727,1873,709,460,1063,1746
CLE,Cleveland Cavaliers,2016,19855,880,2428,2291,4460,1333,1783,873,2777,1861,551,317,1114,1666
WAS,Washington Wizards,2016,19755,709,1983,2529,5050,1349,1849,743,2688,2005,708,323,1186,1708
SAS,San Antonio Spurs,2016,19705,570,1518,2719,5279,1342,1672,770,2831,2010,677,485,1071,1433
CHO,Charlotte Hornets,2016,19855,873,2410,2163,4512,1534,1941,734,2869,1778,595,438,1029,1487
ATL,Atlanta Hawks,2016,19830,815,2326,2353,4597,1282,1638,679,2772,2100,747,486,1226,1570
NOP,New Orleans Pelicans,2016,19780,702,1951,2451,5089,1415,1823,782,2712,1818,633,342,1102,1713
TOR,Toronto Raptors,2016,19780,708,1915,2298,4754,1702,2190,836,2724,1536,636,449,1073,1610
MIN,Minnesota Timberwolves,2016,19880,455,1347,2640,5321,1753,2213,821,2587,1916,656,375,1231,1696
DAL,Dallas Mavericks,2016,20005,806,2342,2258,4558,1454,1831,751,2781,1813,560,306,1047,1595
IND,Indiana Pacers,2016,19880,663,1889,2479,5096,1430,1872,847,2779,1741,742,391,1219,1641
ORL,Orlando Magic,2016,19905,636,1818,2606,5302,1249,1649,843,2709,1933,673,417,1155,1701
DET,Detroit Pistons,2016,19880,740,2148,2371,4939,1399,2095,1021,2777,1594,573,304,1110,1557
DEN,Denver Nuggets,2016,19830,656,1943,2437,5060,1513,1974,941,2718,1858,609,395,1202,1723
CHI,Chicago Bulls,2016,19905,651,1753,2514,5417,1354,1720,907,2889,1870,495,470,1141,1545
PHO,Phoenix Suns,2016,19705,738,2118,2313,4900,1431,1905,943,2733,1701,632,313,1410,1858
MIA,Miami Heat,2016,19830,498,1480,2652,5217,1406,1889,807,2811,1709,553,531,1155,1502
MEM,Memphis Grizzlies,2016,19830,504,1521,2515,5338,1584,2024,916,2497,1697,724,350,1090,1783
MIL,Milwaukee Bucks,2016,19830,440,1277,2705,5463,1392,1863,858,2559,1895,672,475,1247,1695
BRK,Brooklyn Nets,2016,19755,531,1508,2605,5412,1286,1699,863,2614,1829,627,332,1212,1476
NYK,New York Knicks,2016,19805,610,1762,2412,5124,1411,1753,850,2788,1682,467,466,1099,1616
UTA,Utah Jazz,2016,19955,694,1956,2263,4637,1402,1885,880,2665,1554,631,425,1224,1655
PHI,Philadelphia 76ers,2016,19805,764,2255,2206,4632,1284,1850,777,2605,1765,680,495,1343,1780
LAL,Los Angeles Lakers,2016,19730,639,2016,2241,4940,1583,2028,878,2645,1478,593,337,1124,1662
GSW,Golden State Warriors,2017,19780,982,2562,2550,4578,1457,1850,770,2873,2491,785,555,1211,1585
HOU,Houston Rockets,2017,19780,1181,3306,2124,3846,1667,2177,892,2746,2070,670,352,1240,1634
DEN,Denver Nuggets,2017,19755,870,2365,2507,4829,1537,1986,966,2837,2077,568,323,1226,1567
CLE,Cleveland Cavaliers,2017,19880,1067,2779,2208,4184,1431,1913,766,2821,1858,539,327,1121,1486
WAS,Washington Wizards,2017,19855,756,2030,2632,5107,1421,1812,843,2671,1956,693,336,1162,1745
LAC,Los Angeles Clippers,2017,19755,841,2245,2401,4575,1586,2128,738,2790,1848,612,347,1062,1626
BOS,Boston Celtics,2017,19755,985,2742,2183,4236,1536,1903,744,2698,2069,617,340,1088,1686
POR,Portland Trail Blazers,2017,19930,852,2272,2391,4787,1513,1940,830,2750,1733,574,408,1126,1736
PHO,Phoenix Suns,2017,19830,615,1854,2655,5406,1676,2159,976,2712,1604,673,399,1265,2030
TOR,Toronto Raptors,2017,19780,725,1996,2486,4922,1615,2028,871,2676,1517,677,400,1041,1708
OKC,Oklahoma City Thunder,2017,19805,692,2116,2545,5053,1575,2113,1002,2821,1721,648,408,1230,1715
BRK,Brooklyn Nets,2017,19755,877,2591,2225,4396,1592,2020,721,2879,1756,593,387,1356,1726
MIN,Minnesota Timberwolves,2017,19805,601,1723,2634,5199,1586,1986,938,2540,1940,654,370,1150,1646
SAS,San Antonio Spurs,2017,19805,753,1927,2469,4937,1440,1806,821,2777,1954,655,484,1101,1498
IND,Indiana Pacers,2017,19855,709,1885,2512,5046,1467,1811,742,2702,1844,669,409,1130,1597
CHO,Charlotte Hornets,2017,19830,824,2347,2269,4653,1591,1953,721,2853,1891,571,390,942,1360
LAL,Los Angeles Lakers,2017,19705,730,2110,2494,5054,1397,1853,933,2636,1716,674,320,1243,1698
NOP,New Orleans Pelicans,2017,19905,768,2196,2442,4934,1368,1825,703,2879,1869,638,453,1054,1490
NYK,New York Knicks,2017,19855,704,2022,2540,5234,1364,1731,983,2723,1786,581,455,1139,1668
MIL,Milwaukee Bucks,2017,19780,720,1946,2462,4769,1413,1839,723,2589,1984,666,436,1145,1660
MIA,Miami Heat,2017,19780,808,2213,2394,4824,1248,1768,872,2705,1742,588,469,1102,1680
ATL,Atlanta Hawks,2017,19880,729,2137,2394,4781,1484,2039,842,2793,1938,672,397,1294,1491
CHI,Chicago Bulls,2017,19780,623,1831,2546,5310,1474,1848,999,2797,1851,643,393,1112,1455
SAC,Sacramento Kings,2017,19880,737,1960,2368,4774,1483,1913,715,2652,1844,627,324,1201,1667
PHI,Philadelphia 76ers,2017,19830,831,2443,2257,4549,1393,1806,807,2706,1949,692,420,1366,1793
DET,Detroit Pistons,2017,19805,631,1915,2638,5367,1140,1586,908,2838,1732,574,310,973,1467
ORL,Orlando Magic,2017,19805,701,2139,2438,4994,1309,1753,807,2734,1820,580,396,1091,1584
UTA,Utah Jazz,2017,19755,791,2128,2242,4387,1401,1875,771,2774,1651,550,410,1118,1545
MEM,Memphis Grizzlies,2017,19905,767,2169,2217,4685,1504,1918,886,2621,1744,653,344,1059,1840
DAL,Dallas Mavericks,2017,19780,878,2473,2090,4277,1215,1516,647,2516,1705,614,307,972,1567
GSW,Golden State Warriors,2018,19730,926,2369,2583,4611,1360,1668,691,2877,2402,656,612,1265,1607
HOU,Houston Rockets,2018,19755,1256,3470,1918,3436,1609,2061,739,2825,1767,699,392,1135,1597
NOP,New Orleans Pelicans,2018,19955,837,2312,2663,4929,1324,1716,712,2924,2195,657,485,1223,1570
TOR,Toronto Raptors,2018,19830,968,2705,2415,4464,1422,1790,800,2807,1995,626,500,1095,1783
CLE,Cleveland Cavaliers,2018,19730,981,2636,2330,4314,1488,1909,694,2761,1916,582,312,1126,1524
DEN,Denver Nuggets,2018,19880,940,2536,2398,4566,1404,1830,902,2748,2059,627,404,1226,1533
PHI,Philadelphia 76ers,2018,19780,901,2445,2448,4653,1405,1868,893,2996,2221,682,420,1353,1811
MIN,Minnesota Timberwolves,2018,19805,658,1845,2707,5218,1592,1980,848,2593,1861,689,345,1021,1495
LAC,Los Angeles Clippers,2018,19705,777,2196,2525,4808,1556,2095,832,2766,1832,628,373,1204,1638
CHO,Charlotte Hornets,2018,19780,824,2233,2373,4873,1656,2216,827,2901,1770,559,373,1041,1409
LAL,Los Angeles Lakers,2018,19905,822,2384,2516,4864,1364,1910,876,2927,1949,633,388,1295,1736
OKC,Oklahoma City Thunder,2018,19830,881,2491,2390,4730,1421,1985,1024,2671,1750,743,412,1147,1653
WAS,Washington Wizards,2018,19855,814,2173,2461,4845,1378,1786,823,2713,2065,645,353,1196,1746
BRK,Brooklyn Nets,2018,19855,1041,2924,2095,4190,1428,1850,792,2852,1941,512,390,1245,1688
MIL,Milwaukee Bucks,2018,19830,718,2024,2539,4783,1499,1915,688,2579,1905,722,443,1135,1752
POR,Portland Trail Blazers,2018,19755,845,2308,2377,4824,1372,1715,835,2893,1599,573,423,1109,1599
IND,Indiana Pacers,2018,19755,741,2010,2604,5073,1225,1573,788,2684,1819,721,340,1088,1544
NYK,New York Knicks,2018,19830,673,1914,2661,5279,1225,1557,859,2752,1912,552,421,1208,1682
UTA,Utah Jazz,2018,19755,887,2425,2252,4372,1375,1766,740,2807,1839,708,420,1205,1608
BOS,Boston Celtics,2018,19805,939,2492,2202,4483,1308,1697,767,2878,1842,604,373,1148,1618
PHO,Phoenix Suns,2018,19705,763,2286,2390,4855,1453,1962,842,2776,1743,569,370,1289,1807
DET,Detroit Pistons,2018,19805,886,2373,2322,4756,1207,1621,830,2756,1868,628,317,1102,1508
MIA,Miami Heat,2018,19930,903,2506,2281,4491,1209,1601,763,2801,1862,620,437,1178,1648
ORL,Orlando Magic,2018,19730,844,2405,2338,4637,1271,1678,722,2692,1921,622,400,1192,1579
ATL,Atlanta Hawks,2018,19705,917,2544,2213,4471,1298,1654,743,2693,1946,638,348,1275,1606
CHI,Chicago Bulls,2018,19855,906,2549,2264,4736,1194,1574,790,2872,1923,626,289,1147,1571
SAS,San Antonio Spurs,2018,19730,696,1977,2506,5022,1324,1715,849,2777,1868,628,460,1078,1408
DAL,Dallas Mavericks,2018,19805,967,2688,2161,4354,1167,1530,666,2717,1858,578,310,1007,1578
MEM,Memphis Grizzlies,2018,19705,758,2152,2255,4636,1361,1732,779,2544,1767,613,396,1227,1900
SAC,Sacramento Kings,2018,19755,738,1967,2441,5096,1008,1371,777,2578,1768,643,340,1125,1639
MIL,Milwaukee Bucks,2019,19780,1105,3134,2450,4337,1471,1904,762,3316,2136,615,486,1137,1608
GSW,Golden State Warriors,2019,19805,1087,2824,2525,4537,1339,1672,797,2990,2413,625,525,1169,1757
NOP,New Orleans Pelicans,2019,19755,842,2449,2739,5114,1462,1921,909,2969,2216,610,441,1215,1732
PHI,Philadelphia 76ers,2019,19805,889,2474,2518,4759,1742,2258,892,3025,2207,606,432,1223,1745
LAC,Los Angeles Clippers,2019,19830,821,2118,2563,5060,1853,2340,796,2936,1970,561,385,1193,1913
POR,Portland Trail Blazers,2019,19855,904,2520,2566,4907,1558,1914,967,2968,1887,546,413,1135,1669
OKC,Oklahoma City Thunder,2019,19855,932,2677,2565,5029,1461,2049,1031,2911,1917,766,425,1145,1839
TOR,Toronto Raptors,2019,19880,1015,2771,2445,4534,1449,1803,786,2920,2085,680,437,1150,1724
SAC,Sacramento Kings,2019,19730,927,2455,2614,5182,1354,1865,906,2819,2083,679,363,1095,1751
WAS,Washington Wizards,2019,19930,930,2731,2526,4656,1508,1963,794,2679,2154,683,379,1154,1701
HOU,Houston Rockets,2019,19830,1323,3721,1895,3442,1582,2001,836,2613,1741,700,405,1094,1803
ATL,Atlanta Hawks,2019,19855,1067,3034,2325,4490,1443,1918,955,2825,2118,675,419,1397,1932
MIN,Minnesota Timberwolves,2019,19830,827,2357,2586,5126,1570,1995,923,2750,2018,683,411,1074,1664
BOS,Boston Celtics,2019,19780,1032,2829,2419,4594,1282,1598,804,2849,2155,706,435,1052,1670
BRK,Brooklyn Nets,2019,19980,1047,2965,2254,4393,1555,2088,900,2919,1954,539,339,1236,1763
LAL,Los Angeles Lakers,2019,19780,847,2541,2644,4884,1336,1910,835,2985,2096,618,440,1284,1701
UTA,Utah Jazz,2019,19755,993,2789,2321,4293,1540,2092,820,2981,2133,663,483,1240,1728
SAS,San Antonio Spurs,2019,19805,812,2071,2656,5177,1408,1720,757,2910,2013,501,386,992,1487
CHO,Charlotte Hornets,2019,19830,977,2783,2320,4579,1510,1895,814,2778,1905,591,405,1001,1550
DEN,Denver Nuggets,2019,19730,903,2571,2536,4813,1294,1714,972,2832,2245,634,363,1102,1644
DAL,Dallas Mavericks,2019,19780,1022,3002,2160,4120,1541,2076,832,2884,1918,533,351,1167,1650
IND,Indiana Pacers,2019,19705,779,2081,2611,5054,1298,1727,762,2766,2128,713,404,1122,1594
PHO,Phoenix Suns,2019,19880,790,2400,2499,4764,1447,1858,748,2563,1957,735,418,1279,1932
ORL,Orlando Magic,2019,19780,937,2633,2379,4674,1231,1575,822,2902,2095,543,445,1082,1526
DET,Detroit Pistons,2019,19855,993,2854,2192,4384,1415,1893,936,2752,1845,569,331,1135,1811
MIA,Miami Heat,2019,19730,928,2658,2323,4560,1238,1782,921,2879,1991,627,448,1208,1712
CHI,Chicago Bulls,2019,19905,745,2123,2521,5082,1328,1695,718,2799,1796,603,351,1159,1663
NYK,New York Knicks,2019,19780,823,2421,2311,4820,1484,1956,857,2811,1646,557,422,1151,1713
CLE,Cleveland Cavaliers,2019,19755,847,2388,2342,4796,1342,1694,879,2619,1698,534,195,1106,1642
MEM,Memphis Grizzlies,2019,19880,811,2368,2302,4556,1453,1882,723,2703,1963,684,448,1147,1801
DAL,Dallas Mavericks,2020,18175,1136,3095,1988,3677,1392,1787,791,2729,1849,460,363,953,1462
MIL,Milwaukee Bucks,2020,17595,1007,2840,2153,3798,1336,1800,691,3083,1889,526,429,1102,1431
POR,Portland Trail Blazers,2020,17835,952,2525,2170,4224,1312,1632,754,2599,1525,465,451,946,1606
HOU,Houston Rockets,2020,17380,1126,3261,1810,3251,1484,1876,704,2484,1557,627,371,1057,1566
LAC,Los Angeles Clippers,2020,17380,895,2410,2097,4015,1498,1894,767,2664,1708,511,338,1051,1594
NOP,New Orleans Pelicans,2020,17430,982,2656,2083,3942,1229,1687,797,2551,1932,539,358,1181,1524
PHO,Phoenix Suns,2020,17595,831,2320,2175,4109,1451,1740,712,2465,1987,559,290,1077,1609
WAS,Washington Wizards,2020,17355,864,2345,2126,4199,1394,1770,732,2295,1801,574,309,1020,1634
MEM,Memphis Grizzlies,2020,17570,798,2297,2308,4337,1212,1589,754,2643,1965,576,398,1113,1546
BOS,Boston Celtics,2020,17430,905,2487,2066,3961,1336,1668,768,2549,1655,595,406,995,1553
MIA,Miami Heat,2020,17745,979,2584,1901,3576,1440,1840,620,2619,1892,547,332,1088,1501
DEN,Denver Nuggets,2020,17745,801,2234,2268,4254,1185,1526,786,2436,1952,586,337,1005,1485
TOR,Toronto Raptors,2020,17380,995,2663,1902,3668,1329,1670,685,2583,1816,636,358,1067,1559
SAS,San Antonio Spurs,2020,17215,760,2021,2235,4329,1348,1664,640,2530,1751,518,390,895,1377
PHI,Philadelphia 76ers,2020,17595,848,2307,2152,4110,1236,1638,764,2553,1884,586,389,1037,1529
LAL,Los Angeles Lakers,2020,17090,782,2242,2224,4027,1260,1728,757,2490,1803,612,468,1077,1471
BRK,Brooklyn Nets,2020,17480,941,2746,1967,3752,1291,1732,766,2683,1761,464,323,1099,1510
UTA,Utah Jazz,2020,17355,963,2537,1923,3593,1278,1641,656,2577,1615,438,292,1089,1468
IND,Indiana Pacers,2020,17620,743,2046,2332,4411,1096,1393,636,2489,1888,543,376,967,1445
OKC,Oklahoma City Thunder,2020,17430,770,2171,2109,3985,1422,1787,593,2495,1562,550,353,986,1390
SAC,Sacramento Kings,2020,17455,914,2511,2029,3853,1127,1464,695,2372,1713,556,293,1043,1595
ORL,Orlando Magic,2020,17570,807,2354,2064,4114,1282,1656,751,2498,1747,599,396,937,1336
ATL,Atlanta Hawks,2020,16280,805,2416,1918,3651,1237,1566,661,2237,1605,523,341,1086,1548
MIN,Minnesota Timberwolves,2020,15560,853,2540,1733,3325,1223,1624,675,2193,1525,555,362,981,1370
DET,Detroit Pistons,2020,15965,791,2157,1804,3501,1097,1476,644,2109,1589,490,299,1008,1299
NYK,New York Knicks,2020,15965,631,1872,2007,4024,1076,1550,795,2274,1456,504,313,946,1464
CLE,Cleveland Cavaliers,2020,15725,727,2070,1892,3645,983,1296,704,2172,1500,447,211,1073,1188
CHI,Chicago Bulls,2020,15675,793,2282,1780,3480,1006,1332,680,2041,1510,652,265,1005,1417
GSW,Golden State Warriors,2020,15725,678,2032,1832,3698,1214,1511,647,2138,1663,534,299,969,1304
CHO,Charlotte Hornets,2020,15750,785,2231,1640,3355,1052,1406,715,2066,1549,428,268,949,1223
MIL,Milwaukee Bucks,2021,17330,1038,2669,2183,3941,1169,1539,741,2724,1834,585,334,995,1244
BRK,Brooklyn Nets,2021,17405,1020,2600,2086,3689,1305,1623,640,2559,1929,484,379,975,1371
WAS,Washington Wizards,2021,17405,733,2088,2375,4459,1449,1884,697,2557,1835,528,297,1037,1555
UTA,Utah Jazz,2021,17355,1205,3098,1766,3246,1235,1546,765,2709,1703,474,371,1023,1335
POR,Portland Trail Blazers,2021,17305,1132,2939,1841,3619,1282,1558,766,2441,1531,496,363,799,1362
IND,Indiana Pacers,2021,17455,889,2445,2226,4122,1183,1493,648,2424,1973,611,460,975,1453
PHO,Phoenix Suns,2021,17480,940,2490,2178,3867,1124,1347,630,2462,1939,517,312,902,1374
DEN,Denver Nuggets,2021,17480,927,2462,2187,3960,1129,1406,758,2442,1933,582,323,972,1374
NOP,New Orleans Pelicans,2021,17430,762,2190,2298,4222,1369,1878,845,2568,1872,545,315,1052,1295
LAC,Los Angeles Clippers,2021,17280,1027,2498,1982,3744,1164,1387,678,2501,1756,509,295,950,1383
SAC,Sacramento Kings,2021,17305,874,2400,2193,3982,1181,1585,674,2307,1836,543,358,963,1400
GSW,Golden State Warriors,2021,17305,1048,2789,1925,3558,1193,1520,574,2524,1991,587,342,1080,1526
ATL,Atlanta Hawks,2021,17405,895,2402,2042,3879,1417,1745,760,2525,1737,503,342,953,1392
PHI,Philadelphia 76ers,2021,17430,811,2169,2170,4088,1409,1836,722,2522,1706,655,447,1040,1456
MEM,Memphis Grizzlies,2021,17405,803,2258,2282,4350,1184,1536,803,2543,1938,655,364,957,1349
BOS,Boston Celtics,2021,17380,979,2618,2006,3783,1160,1496,765,2421,1689,556,383,1012,1471
DAL,Dallas Mavericks,2021,17305,994,2744,1964,3543,1186,1524,657,2463,1647,450,311,869,1396
MIN,Minnesota Timberwolves,2021,17405,944,2706,1988,3840,1265,1662,757,2376,1846,632,398,1027,1507
TOR,Toronto Raptors,2021,17305,1041,2831,1818,3552,1252,1536,680,2314,1735,618,388,952,1526
SAS,San Antonio Spurs,2021,17480,716,2046,2298,4472,1254,1584,669,2489,1759,505,366,821,1293
CHI,Chicago Bulls,2021,17380,904,2446,2131,3934,995,1258,693,2544,1927,482,304,1089,1362
LAL,Los Angeles Lakers,2021,17455,796,2248,2129,3949,1241,1679,695,2490,1775,562,386,1095,1377
CHO,Charlotte Hornets,2021,17355,985,2666,1890,3658,1146,1505,762,2389,1933,565,344,1069,1297
HOU,Houston Rockets,2021,17305,992,2923,1834,3449,1189,1606,671,2396,1699,546,361,1060,1407
MIA,Miami Heat,2021,17380,932,2606,1892,3423,1201,1520,579,2409,1895,569,286,1013,1363
NYK,New York Knicks,2021,17430,847,2163,1992,4062,1181,1506,696,2554,1541,507,365,932,1473
DET,Detroit Pistons,2021,17430,832,2370,1951,3792,1278,1683,694,2381,1743,531,371,1075,1477
OKC,Oklahoma City Thunder,2021,17355,857,2529,1938,3809,1113,1536,715,2568,1588,504,316,1162,1305
ORL,Orlando Magic,2021,17330,784,2288,1970,4135,1196,1543,747,2525,1571,496,318,924,1237
CLE,Cleveland Cavaliers,2021,17430,720,2141,2058,4034,1200,1614,751,2327,1716,559,325,1114,1308
MIN,Minnesota Timberwolves,2022,19780,1211,3386,2200,4072,1474,1894,921,2700,2106,721,460,1175,1786
MEM,Memphis Grizzlies,2022,19780,945,2679,2626,5060,1393,1898,1159,2873,2131,800,533,1082,1620
MIL,Milwaukee Bucks,2022,19755,1153,3151,2276,4180,1459,1881,840,2990,1960,623,326,1100,1494
CHO,Charlotte Hornets,2022,19880,1143,3130,2365,4367,1298,1753,888,2767,2302,707,402,1087,1629
PHO,Phoenix Suns,2022,19730,951,2616,2630,4773,1303,1635,801,2913,2244,702,359,1060,1633
ATL,Atlanta Hawks,2022,19705,1056,2821,2345,4420,1485,1829,823,2783,2017,587,348,972,1534
UTA,Utah Jazz,2022,19730,1192,3308,2135,3759,1470,1916,884,2916,1836,588,402,1149,1547
SAS,San Antonio Spurs,2022,19805,925,2626,2621,4975,1262,1673,901,2815,2289,626,403,1043,1483
BRK,Brooklyn Nets,2022,19755,940,2602,2502,4649,1434,1781,844,2796,2071,582,448,1153,1670
DEN,Denver Nuggets,2022,19805,1039,2944,2377,4135,1372,1725,752,2865,2279,592,305,1189,1639
LAL,Los Angeles Lakers,2022,19980,982,2826,2433,4453,1380,1884,782,2826,1968,626,425,1191,1654
BOS,Boston Celtics,2022,19905,1085,3044,2256,4123,1397,1713,863,2915,2036,591,478,1118,1521
CHI,Chicago Bulls,2022,19730,872,2364,2550,4763,1436,1766,711,2760,1958,585,336,1053,1540
IND,Indiana Pacers,2022,19880,997,2899,2401,4439,1347,1754,925,2671,2081,582,457,1183,1675
GSW,Golden State Warriors,2022,19730,1176,3231,2147,3856,1280,1665,800,2930,2223,719,372,1221,1723
SAC,Sacramento Kings,2022,19805,937,2722,2384,4501,1466,1908,784,2737,1943,588,369,1156,1552
MIA,Miami Heat,2022,19855,1114,2936,2132,4018,1416,1753,807,2778,2090,606,265,1194,1679
PHI,Philadelphia 76ers,2022,19805,950,2608,2280,4324,1605,1955,700,2770,1945,633,435,1027,1590
HOU,Houston Rockets,2022,19755,1105,3170,2124,3913,1434,2010,786,2660,1932,600,382,1351,1692
TOR,Toronto Raptors,2022,19855,979,2808,2353,4681,1327,1749,1095,2622,1809,738,376,1021,1607
NOP,New Orleans Pelicans,2022,19755,873,2629,2421,4583,1501,1903,981,2726,2047,680,328,1153,1612
WAS,Washington Wizards,2022,19830,860,2512,2467,4544,1393,1778,737,2798,2052,522,406,1077,1545
LAC,Los Angeles Clippers,2022,19780,1047,2802,2238,4368,1273,1606,747,2860,1969,608,406,1126,1528
DAL,Dallas Mavericks,2022,19755,1073,3063,2149,3919,1341,1739,759,2769,1918,552,325,1025,1612
CLE,Cleveland Cavaliers,2022,19730,953,2686,2302,4254,1376,1810,837,2786,2064,580,343,1181,1433
NYK,New York Knicks,2022,19780,1082,3029,2006,4040,1473,1980,941,2841,1793,570,399,1087,1672
POR,Portland Trail Blazers,2022,19730,1043,3017,2118,4127,1346,1771,854,2661,1880,657,366,1187,1728
DET,Detroit Pistons,2022,19780,925,2838,2204,4429,1413,1806,900,2625,1924,630,393,1163,1799
ORL,Orlando Magic,2022,19780,999,3022,2140,4218,1270,1614,746,2885,1947,555,367,1188,1612
OKC,Oklahoma City Thunder,2022,19805,991,3066,2150,4244,1233,1632,854,2887,1822,622,380,1145,1497
SAC,Sacramento Kings,2023,19830,1128,3060,2445,4172,1624,2055,782,2699,2237,574,275,1106,1616
GSW,Golden State Warriors,2023,19830,1363,3540,2175,3853,1314,1655,864,2793,2446,588,323,1336,1757
ATL,Atlanta Hawks,2023,19855,882,2505,2776,5069,1513,1850,920,2719,2049,580,401,1060,1541
BOS,Boston Celtics,2023,19980,1315,3492,2145,3786,1436,1769,796,2921,2186,521,430,1095,1542
OKC,Oklahoma City Thunder,2023,19855,995,2797,2538,4793,1572,1944,934,2645,2002,676,341,1069,1722
LAL,Los Angeles Lakers,2023,19880,885,2558,2631,4740,1691,2182,818,2930,2072,526,378,1154,1466
UTA,Utah Jazz,2023,19805,1094,3099,2391,4266,1536,1955,968,2794,2129,500,429,1259,1679
MIL,Milwaukee Bucks,2023,19830,1217,3306,2287,4105,1364,1837,914,3074,2115,521,403,1199,1481
MEM,Memphis Grizzlies,2023,19780,985,2807,2600,4744,1432,1954,988,2835,2135,680,473,1116,1643
IND,Indiana Pacers,2023,19755,1112,3030,2332,4315,1535,1944,832,2575,2213,631,478,1225,1741
NYK,New York Knicks,2023,19955,1037,2930,2407,4398,1589,2087,1031,2790,1880,527,340,1065,1666
DEN,Denver Nuggets,2023,19755,969,2559,2605,4529,1378,1834,828,2699,2368,618,368,1192,1525
MIN,Minnesota Timberwolves,2023,19830,997,2731,2518,4436,1467,1942,749,2686,2145,657,444,1258,1768
PHI,Philadelphia 76ers,2023,19880,1035,2675,2312,4195,1719,2058,715,2641,2063,635,389,1121,1675
NOP,New Orleans Pelicans,2023,19855,899,2468,2548,4712,1585,2000,866,2717,2122,681,337,1196,1678
DAL,Dallas Mavericks,2023,19930,1246,3362,2037,3547,1554,2057,625,2556,1880,514,304,1002,1697
PHO,Phoenix Suns,2023,19780,1001,2674,2452,4714,1412,1781,971,2657,2235,585,432,1110,1739
LAC,Los Angeles Clippers,2023,19830,1041,2735,2329,4324,1533,1962,803,2742,1959,580,364,1167,1598
POR,Portland Trail Blazers,2023,19730,1056,2893,2261,4108,1609,2021,774,2551,1981,553,376,1185,1643
BRK,Brooklyn Nets,2023,19730,1048,2771,2351,4207,1449,1811,674,2648,2093,585,506,1127,1730
WAS,Washington Wizards,2023,19755,925,2601,2531,4526,1442,1838,774,2804,2083,561,424,1158,1539
CHI,Chicago Bulls,2023,19905,854,2367,2634,4749,1446,1788,694,2779,2006,644,371,1097,1551
SAS,San Antonio Spurs,2023,19855,911,2640,2622,4953,1292,1739,965,2619,2232,572,322,1253,1630
TOR,Toronto Raptors,2023,19805,880,2626,2554,4863,1506,1922,1043,2485,1961,772,424,956,1641
CLE,Cleveland Cavaliers,2023,19880,950,2589,2458,4395,1439,1844,795,2574,2045,586,384,1094,1560
ORL,Orlando Magic,2023,19780,883,2551,2440,4523,1607,2050,833,2713,1906,603,382,1236,1652
CHO,Charlotte Hornets,2023,19830,881,2669,2504,4744,1447,1933,901,2751,2062,634,425,1164,1661
HOU,Houston Rockets,2023,19755,856,2619,2473,4668,1567,2078,1100,2695,1835,600,374,1332,1679
DET,Detroit Pistons,2023,19805,934,2659,2310,4481,1623,2106,916,2564,1884,574,308,1237,1813
MIA,Miami Heat,2023,19805,980,2852,2235,4139,1567,1885,796,2533,1955,655,243,1106,1516
IND,Indiana Pacers,2024,19705,1082,2891,2773,4708,1318,1685,827,2578,2522,631,481,1059,1756
BOS,Boston Celtics,2024,19830,1351,3482,2250,3914,1334,1654,876,2923,2207,557,538,979,1326
OKC,Oklahoma City Thunder,2024,19805,1090,2805,2563,4519,1451,1759,722,2725,2223,694,538,1039,1545
MIL,Milwaukee Bucks,2024,19805,1163,3122,2375,4136,1517,1960,772,2850,2176,558,413,1059,1574
ATL,Atlanta Hawks,2024,19855,1125,3092,2404,4492,1520,1906,1024,2639,2180,615,369,1110,1522
LAL,Los Angeles Lakers,2024,19855,969,2572,2611,4605,1550,1983,676,2859,2340,605,453,1146,1283
DAL,Dallas Mavericks,2024,19705,1197,3242,2338,4110,1397,1842,797,2724,2106,563,406,1027,1500
GSW,Golden State Warriors,2024,19830,1211,3191,2371,4324,1282,1644,996,2834,2402,572,377,1174,1598
SAC,Sacramento Kings,2024,19855,1178,3219,2375,4236,1274,1710,888,2719,2324,625,342,1078,1632
PHO,Phoenix Suns,2024,19780,1020,2671,2462,4392,1548,1915,831,2783,2218,610,492,1221,1475
UTA,Utah Jazz,2024,19805,1060,2993,2383,4378,1538,1853,1002,2725,2232,537,458,1285,1523
LAC,Los Angeles Clippers,2024,19705,1036,2719,2437,4389,1499,1817,822,2701,2097,640,413,1078,1519
NOP,New Orleans Pelicans,2024,19705,1023,2673,2461,4492,1445,1873,852,2753,2210,684,378,1067,1508
DEN,Denver Nuggets,2024,19705,958,2560,2652,4719,1240,1628,881,2763,2415,585,457,1036,1489
PHI,Philadelphia 76ers,2024,19780,992,2733,2412,4598,1597,1934,906,2616,2041,694,492,984,1668
HOU,Houston Rockets,2024,19855,1043,2964,2382,4495,1482,1916,940,2787,2035,639,375,1045,1702
WAS,Washington Wizards,2024,19730,1015,2915,2508,4578,1266,1657,755,2613,2288,623,415,1147,1637
MIN,Minnesota Timberwolves,2024,19805,1037,2681,2346,4293,1461,1881,770,2807,2184,647,497,1162,1544
NYK,New York Knicks,2024,19730,1083,2936,2302,4336,1396,1789,1039,2665,1998,612,336,1085,1447
CLE,Cleveland Cavaliers,2024,19805,1108,3016,2317,4132,1278,1671,807,2742,2299,605,380,1112,1436
TOR,Toronto Raptors,2024,19805,942,2712,2524,4644,1339,1772,891,2607,2335,634,388,1147,1509
CHI,Chicago Bulls,2024,19980,941,2630,2507,4709,1369,1731,916,2677,2048,638,394,1004,1541
SAS,San Antonio Spurs,2024,19830,1036,2983,2402,4453,1280,1637,849,2778,2449,584,520,1242,1414
ORL,Orlando Magic,2024,19780,903,2568,2415,4396,1519,2002,861,2608,2023,669,423,1206,1618
BRK,Brooklyn Nets,2024,19805,1089,3010,2245,4297,1293,1711,938,2675,2102,556,424,1076,1516
MIA,Miami Heat,2024,19755,1022,2765,2244,4257,1478,1806,766,2702,2116,617,280,1038,1415
DET,Detroit Pistons,2024,19755,906,2602,2447,4634,1398,1780,861,2692,2088,531,384,1248,1688
CHO,Charlotte Hornets,2024,19730,989,2788,2292,4345,1189,1512,765,2538,2033,562,371,1129,1472
POR,Portland Trail Blazers,2024,19880,939,2723,2288,4633,1329,1680,1036,2469,1894,627,354,1249,1654
MEM,Memphis Grizzlies,2024,19780,1071,3097,2074,4133,1316,1722,896,2598,2025,673,501,1236,1563
CLE,Cleveland Cavaliers,2025,19755,1303,3401,2349,4043,1392,1793,917,2806,2304,670,350,1082,1487
MEM,Memphis Grizzlies,2025,19705,1141,3106,2529,4548,1499,1908,1056,2819,2330,726,462,1285,1711
DEN,Denver Nuggets,2025,19855,984,2619,2740,4741,1470,1909,919,2832,2542,656,402,1169,1444
OKC,Oklahoma City Thunder,2025,19705,1192,3184,2468,4416,1369,1672,871,2801,2202,847,465,961,1631
ATL,Atlanta Hawks,2025,19780,1107,3089,2449,4439,1472,1900,974,2675,2426,798,419,1273,1564
CHI,Chicago Bulls,2025,19755,1266,3447,2277,4098,1308,1617,825,2935,2383,621,386,1203,1444
IND,Indiana Pacers,2025,19855,1081,2934,2493,4392,1395,1768,752,2678,2398,694,448,1082,1533
BOS,Boston Celtics,2025,19830,1457,3955,1956,3427,1251,1565,933,2783,2144,589,452,973,1303
NYK,New York Knicks,2025,19880,1031,2794,2522,4521,1357,1696,890,2607,2254,671,324,1088,1407
SAC,Sacramento Kings,2025,19880,1032,2887,2497,4498,1400,1738,901,2723,2169,620,357,1092,1548
MIL,Milwaukee Bucks,2025,19755,1161,3003,2284,4079,1421,1895,674,2882,2090,601,384,1097,1469
DET,Detroit Pistons,2025,19805,1051,2901,2452,4462,1414,1826,931,2739,2165,652,431,1219,1695
MIN,Minnesota Timberwolves,2025,19830,1233,3269,2131,3913,1411,1789,908,2726,2142,654,406,1186,1498
HOU,Houston Rockets,2025,19780,1038,2938,2446,4721,1366,1851,1200,2774,1914,689,411,1139,1557
DAL,Dallas Mavericks,2025,19730,1020,2801,2423,4393,1458,1894,828,2702,2070,636,445,1151,1458
SAS,San Antonio Spurs,2025,19730,1158,3246,2268,4116,1332,1721,896,2685,2348,674,455,1138,1363
GSW,Golden State Warriors,2025,19730,1264,3475,2078,3937,1383,1811,1029,2692,2386,771,391,1152,1571
PHO,Phoenix Suns,2025,19830,1176,3112,2205,3963,1379,1702,783,2701,2277,593,392,1153,1471
LAL,Los Angeles Lakers,2025,19730,1092,2981,2264,4026,1494,1902,792,2687,2131,633,367,1145,1415
LAC,Los Angeles Clippers,2025,19805,1022,2738,2387,4337,1416,1776,841,2750,2064,773,370,1220,1503
UTA,Utah Jazz,2025,19805,1144,3267,2161,4005,1421,1836,983,2741,2093,555,360,1412,1549
POR,Portland Trail Blazers,2025,19780,1057,3095,2268,4301,1386,1820,1095,2576,1952,678,433,1309,1558
TOR,Toronto Raptors,2025,19805,969,2786,2445,4676,1294,1729,1034,2666,2340,664,348,1257,1738
MIA,Miami Heat,2025,19930,1124,3060,2194,4078,1309,1654,798,2760,2166,668,314,1114,1275
NOP,New Orleans Pelicans,2025,19755,986,2839,2346,4529,1356,1799,993,2583,2119,701,429,1201,1499
PHI,Philadelphia 76ers,2025,19805,1041,3050,2213,4118,1439,1844,852,2411,1901,752,366,1117,1556
WAS,Washington Wizards,2025,19730,1075,3210,2158,4161,1315,1690,867,2716,2058,623,420,1276,1618
ORL,Orlando Magic,2025,19730,921,2892,2209,4142,1464,1890,914,2517,1887,729,488,1165,1648
BRK,Brooklyn Nets,2025,19780,1113,3232,1973,3828,1334,1696,894,2493,2063,639,352,1244,1698
CHO,Charlotte Hornets,2025,19755,1065,3143,2077,4165,1269,1621,1003,2703,1994,607,368,1271,1535
DEN,Denver Nuggets,2026,19930,1161,2934,2409,4262,1709,2116,801,2805,2375,560,325,1057,1569
MIA,Miami Heat,2026,19705,1123,3107,2459,4541,1624,2051,970,2825,2374,709,349,1120,1547
SAS,San Antonio Spurs,2026,19730,1116,3108,2446,4263,1586,2016,935,2921,2302,617,447,1103,1546
CLE,Cleveland Cavaliers,2026,19755,1173,3261,2381,4120,1520,1959,961,2682,2321,697,409,1147,1605
OKC,Oklahoma City Thunder,2026,19855,1135,3111,2399,4196,1557,1905,784,2834,2113,796,449,1031,1555
ATL,Atlanta Hawks,2026,19755,1201,3237,2374,4304,1363,1762,900,2670,2471,768,384,1162,1612
MIN,Minnesota Timberwolves,2026,19780,1128,3049,2367,4211,1558,2072,907,2708,2138,717,476,1214,1738
DET,Detroit Pistons,2026,19805,902,2534,2658,4806,1635,2144,1073,2663,2281,856,523,1241,1803
UTA,Utah Jazz,2026,19830,1036,3006,2453,4463,1628,2071,984,2609,2429,729,309,1272,1733
NYK,New York Knicks,2026,19755,1168,3133,2332,4195,1381,1743,1040,2700,2250,666,322,1119,1638
LAL,Los Angeles Lakers,2026,19705,970,2701,2478,4162,1674,2194,774,2587,2122,701,351,1188,1517
CHI,Chicago Bulls,2026,19755,1169,3287,2307,4130,1416,1824,849,2845,2335,627,410,1257,1561
CHO,Charlotte Hornets,2026,19755,1343,3549,2014,3743,1456,1780,1048,2730,2160,577,369,1264,1564
PHI,Philadelphia 76ers,2026,19880,1011,2896,2411,4508,1647,2035,967,2612,2017,750,464,1117,1667
ORL,Orlando Magic,2026,19830,961,2799,2402,4445,1804,2251,898,2659,2177,697,387,1162,1719
NOP,New Orleans Pelicans,2026,19805,914,2635,2541,4785,1649,2104,1002,2596,2058,726,424,1163,1634
POR,Portland Trail Blazers,2026,19755,1186,3462,2164,3927,1583,2069,1157,2614,2062,677,448,1417,1634
HOU,Houston Rockets,2026,19905,940,2580,2583,4781,1463,1917,1233,2713,2083,701,473,1261,1501
BOS,Boston Celtics,2026,19730,1268,3456,2188,3942,1238,1534,1025,2777,2021,585,410,1014,1562
MEM,Memphis Grizzlies,2026,19730,1143,3241,2247,4190,1480,1867,916,2538,2283,723,393,1236,1680
TOR,Toronto Raptors,2026,19780,932,2633,2563,4617,1478,1922,895,2557,2417,722,395,1121,1710
GSW,Golden State Warriors,2026,19805,1286,3616,2071,3664,1398,1732,932,2540,2369,796,346,1284,1608
DAL,Dallas Mavericks,2026,19855,899,2615,2533,4751,1595,2113,863,2803,2072,619,423,1193,1508
LAC,Los Angeles Clippers,2026,19780,1019,2772,2303,4085,1666,2025,784,2545,1947,738,400,1176,1549
WAS,Washington Wizards,2026,19755,1070,2983,2358,4426,1332,1738,900,2536,2054,655,452,1284,1750
PHO,Phoenix Suns,2026,19755,1210,3348,2152,4041,1298,1663,1064,2471,2021,781,347,1188,1691
IND,Indiana Pacers,2026,19755,1097,3084,2249,4220,1430,1842,806,2633,2269,605,374,1190,1710
SAC,Sacramento Kings,2026,19755,843,2476,2565,4823,1443,1870,943,2523,2095,658,372,1175,1614
MIL,Milwaukee Bucks,2026,19755,1240,3205,2105,3807,1142,1564,731,2610,2116,607,326,1247,1617
BRK,Brooklyn Nets,2026,19755,1073,3152,1998,3781,1471,1885,847,2378,2050,653,350,1292,1728
